id;title;SCHULE1;address;lat;lng;type;SCHULFORM1;icon;color;Gebaeudeklasse;KESSFaktor;Summe2011;Summe2012;Summe2013;Summe2014;Summe2015;SCHULE2;REGION2;SCHULFORM2;Kessfaktor2;Plankosten2016
;;;;;;;;;;;;;;;;;3. Gymnasium Altona;Altona;Grundschule;2;350000
5818;Abendschule St. Georg;;Rostocker Straße 41, 20099 Hamburg;53.557215;10.015731;Abendgymnasium;;fa-building-o;green;;;;;;;;;;;;
5819;Abendschule Vor dem Holstentor;Abendschule Vor dem Holstentor;Holstenglacis 6, 20355 Hamburg;53.558032;9.977063;Abendgymnasium;Abendschule;fa-building-o;green;4;0;;;13850;8858;;;;;;
5616;Adolph-Diesterweg-Schule;Adolph-Diesterweg-Schule;Felix-Jud-Ring 29, 21035 Hamburg;53.48722;10.147817;Grundschule;Grundschule;fa-building-o;green;2;2;;;19809;16452;22197;;;;;
5430;Adolph-Schönfelder-Schule;Adolph-Schönfelder-Schule;Zeisigstraße 3, 22081 Hamburg;53.577639;10.047449;Grundschule;Grundschule;fa-building-o;green;3,4;3;;;17550;19216;23412;;;;;
5810;Albert-Schweitzer-Gymnasium;Albert-Schweitzer-Gymnasium;Struckholt 27, 22337 Hamburg;53.628066;10.031383;Gymnasium;Gymnasium;fa-building-o;green;4;6;;;46521;25432;47320;Albert-Schweitzer-Gymnasium;Hamburg-Nord;Gymnasium;6;132700
5053;Albert-Schweitzer-Schule;Albert-Schweitzer-Schule;Schluchtweg 1, 22337 Hamburg;53.632579;10.047345;Stadtteilschule;Grundschule;fa-building-o;green;3,1;6;;;32954;23165;30870;;;;;
5860;Albrecht-Thaer-Gymnasium;Albrecht-Thaer-Gymnasium;Wegenkamp 3, 22527 Hamburg;53.600474;9.925237;Gymnasium;Gymnasium;fa-building-o;green;2,9;5;;;65540;57827;56499;Albrecht-Thaer-Gymnasium;Eimsbüttel;Gymnasium;5;550000
5840;Alexander-von-Humboldt-Gymnasium;Alexander-von-Humboldt-Gymnasium;Rönneburger Straße 50, 21079 Hamburg;53.438785;9.993343;Gymnasium;Gymnasium;fa-building-o;green;2,9;5;0;0;0;0;0;Alexander-von-Humboldt-Gymnasium;GMH - Süd;Gymnasium;5;106500
7915;Alsterring Gymnasium;;Wittenkamp 15, 22307 Hamburg;53.597049;10.048367;Gymnasium;;fa-building-o;green;;;;;;;;;;;;
;;Am Falkenberg;;;;;Grundschule;;;2,4;0;0;0;5164;0;0;Am Falkenberg;GMH - Süd;Grundschule / Stadtteilschule;4;67000
;;;;;;;;;;;;;;;;;Anna-Susanna-Stieg;Eimsbüttel;Grundschule;4;97050
;;;;;;;;;;;;;;;;;Anne-Frank-Schule + ReBBZ Wandsbek-Nord;Wandsbek-Süd;Grundschule;5;68000
5603;Anton-Rée-Schule Allermöhe;Anton-Rée-Schule Allermöhe;Von-Haeften-Straße 1, 21035 Hamburg;53.487769;10.16727;Grundschule;Grundschule;fa-building-o;green;3;3;;;28957;41453;54214;Anton-Ree-Schule;Bergedorf;Grundschule;3;107070
5100;Aueschule Finkenwerder;Aueschule Finkenwerder;Ostfrieslandstraße 91, 21129 Hamburg;53.526983;9.884702;Grundschule;Grundschule;fa-building-o;green;3,7;3;0;0;0;5284;0;;;;;
8014;August-Hermann-Francke-Schule Bahrenfeld;;Händelstraße 11, 22761 Hamburg;53.561996;9.907671;Grundschule;;fa-building-o;green;;;;;;;;;;;;
8016;August-Hermann-Francke-Schule Bergedorf;;Glasbläserhöfe 2, 21035 Hamburg;53.4829374;10.202108;Grundschule;;fa-building-o;green;;;;;;;;;;;;
8015;August-Hermann-Francke-Schule Berne;;Berner Allee 20, 22159 Hamburg;53.628827;10.133725;Grundschule;;fa-building-o;green;;;;;;;;;;;;
8008;August-Hermann-Francke-Schule Farmsen;;August-Krogmann-Straße 115, 22159 Hamburg;53.61493;10.114133;Grundschule;;fa-building-o;green;;;;;;;;;;;;
8012;August-Hermann-Francke-Schule Uhlenhorst;;Bachstraße 13, 22083 Hamburg;53.573279;10.028938;Stadtteilschule;;fa-building-o;green;;;;;;;;;;;;
;;B1 - Berufliche Schule Burgstraße W1 und W8;;;;;;;;;;;;;;;;;;;
;;B2 - Staatl. Handelsschule mit Wirtschaftsgymnasium Harburg H10;;;;;;;;;;;;;;;;;;;
;;B3 - Berufliche Schule für Wirtschaft und Steuern H12, Berufliche Schule Handel und Verwaltung H1;;;;;;;;;;;;;;;;;;;
;;B4 - Medienschule Hamburg H8;;;;;;;;;;;;;;;;;;;
;;B5 - Berufliche Schule für Banken, Versicherungen und Recht mit Beruflichem Gymnasium St. Pauli H16;;;;;Berufsschule;;;;;;;;5022;6370;;;;;
;;B6 -Berufliche Schule Uferstraße W 2, Fachschule für Sozialpädagogik FSP 1;;;;;Berufsschule;;;;;;;;;6416;;;;;
;;B7 - Gewerbeschule Gastronomie und Ernährung G11;;;;;;;;;;;;;;;;;;;
;;B8 - Gewerbeschule für Energietechnik G10;;;;;;;;;;;;;;;;;;;
;;Berufliche Medienschule Hamburg-Wandsbek (H8);;;;;Berufsschule;;;3,4;0;;;36939;14010;15170;;;;;
;;Berufliche Schule Am Lämmermarkt (H 2);;;;;Berufsschule;;;3;0;;;39649;39027;30874;;;;;
;;Berufliche Schule an der Alster (H11);;;;;Berufsschule;;;2,1;0;;;42707;30869;18223;;;;;
;;Berufliche Schule Bramfelder See (H 20);;;;;Berufsschule;;;3,1;0;;;53329;25323;24019;;;;;
;;Berufliche Schule City Süd (H 9);;;;;Berufsschule;;;4;0;;;65988;62744;56996;;;;;
;;Berufliche Schule Eppendorf (H 13);;;;;Berufsschule;;;3,4;0;;;37146;19676;12746;;;;;
;;Berufliche Schule für Büro-und Personalmanagement Bergedorf (H17);;;;;Berufsschule;;;3,7;0;;;31544;41269;16840;;;;;
;;Berufliche Schule für Sozialpädagogik - Anna-Warburg-Schule (W 3);;;;;Berufsschule;;;2,1;0;;;51647;42305;31515;Berufliche Schule für Sozialpädagogik - Anna-Warburg-Schule (W 3);Wandsbek-Süd;Grundschule;3;116000
;;Berufliche Schule für Wirtschaft HH-Eimsbüttel BS 26;;;;;Berufsschule;;;2,6;0;;;29416;40800;59364;;;;;
;;Berufliche Schule für Wirtschaft und IT City Nord (H 7);;;;;Berufsschule;;;3,1;0;;;57863;41487;40511;;;;;
;;Berufliche Schule Holz, Farbe, Textil (G 6);;;;;Berufsschule;;;3,2;0;;;85999;56584;73251;;;;;
;;Berufliche Schule Recycling- und Umwelttechnik (G 8);;;;;Berufsschule;;;4,3;0;;;86292;51522;34469;;;;;
;;Berufliche Schule William Lindley (G 2);;;;;Berufsschule;;;3;0;;;13610;32618;39759;;;;;
5418;Bildungszentrum für Blinde und Sehbehinderte;Bildungszentrum für Blinde und Sehbehinderte;Carl-Cohn-Straße 2, 22303 Hamburg;53.601392;10.01186;Sonderschule;Sonderschule;fa-building-o;green;4,4;0;;;20918;34569;30740;;;;;
7918;Bilinguale Grundschule PHORMS Hamburg;;Wendenstraße 35, 20097 Hamburg;53.547458;10.02699;Grundschule;;fa-building-o;green;;;;;;;;;;;;
8302;Bilinguales Gymnasium Phorms Hamburg;;Wendenstraße 35, 20097 Hamburg;53.547458;10.02699;Gymnasium;;fa-building-o;green;;;;;;;;;;;;
5097;Brüder-Grimm-Schule;Brüder-Grimm-Schule;Steinadlerweg 26, 22119 Hamburg;53.551606;10.106824;Stadtteilschule;Stadtteilschule;fa-building-o;green;4;2;;;23621;22337;25686;Brüder Grimm Schule;Hamburg-Mitte;Stadtteilschule;4;73000
3229;Bugenhagen-Schule Alsterdorf (Grundschule);;Alsterdorfer Straße 506, 22337 Hamburg;53.616453;10.027866;Grundschule;;fa-building-o;green;;;;;;;;;;;;
3223;Bugenhagen-Schule Alsterdorf (Stadtteilschule);;Alsterdorfer Straße 506, 22337 Hamburg;53.616453;10.027866;Stadtteilschule;;fa-building-o;green;;;;;;;;;;;;
3218;Bugenhagen-Schule Alsterdorf, Schule für Kinder mit besonderem Förderbedarf;;Alsterdorfer Straße 506, 22337 Hamburg;53.616453;10.027866;Sonderschule;;fa-building-o;green;;;;;;;;;;;;
3231;Bugenhagen-Schule Groß Flottbek;;Bei der Flottbeker Mühle 28, 22607 Hamburg;53.573012;9.869074;Grundschule;;fa-building-o;green;;;;;;;;;;;;
3232;Bugenhagen-Schule Hamm, Evangelische Grundschule Paulus;;Quellenweg 10, 20535 Hamburg;53.561475;10.059502;Grundschule;;fa-building-o;green;;;;;;;;;;;;
3225;Bugenhagen-Schule im Hessepark (Grundschule);;Oesterleystraße 22, 22587 Hamburg;53.562148;9.807543;Grundschule;;fa-building-o;green;;;;;;;;;;;;
3233;Bugenhagen-Schule im Hessepark (Stadtteilschule);;Oesterleystraße 22, 22587 Hamburg;53.562148;9.807543;Stadtteilschule;;fa-building-o;green;;;;;;;;;;;;
7911;Bugenhagen-Schule Ottensen, Evangelische Grundschule an der Osterkirche;;Bei der Osterkirche 17, 22765 Hamburg;53.555101;9.932323;Grundschule;;fa-building-o;green;;;;;;;;;;;;
;;;;;;;;;;;;;;;;;Burgunderweg;Eimsbüttel;Grundschule;5;131700
5462;Carl-Cohn-Schule;Carl-Cohn-Schule;Carl-Cohn-Straße 2, 22297 Hamburg;53.601392;10.01186;Grundschule;Grundschule;fa-building-o;green;3,8;4;;;31475;17577;23094;Carl-Cohn-Schule;Hamburg-Nord;Grundschule;4;82000
5463;Carl-Götze-Schule;Carl-Götze-Schule;Brödermannsweg 2, 22453 Hamburg;53.606962;9.977931;Grundschule;Grundschule;fa-building-o;green;4;5;;;21139;14980;18216;Carl-Götze-Schule;Hamburg-Nord;Grundschule;5;260000
5849;Carl-von-Ossietzky-Gymnasium;Carl-von-Ossietzky-Gymnasium;Müssenredder 59, 22399 Hamburg;53.655215;10.068211;Gymnasium;Gymnasium;fa-building-o;green;3,5;5;;;38457;40775;49224;;;;;
5862;Charlotte-Paulsen-Gymnasium;Charlotte-Paulsen-Gymnasium;Neumann-Reichardt-Straße 20, 22041 Hamburg;53.57252;10.078481;Gymnasium;Gymnasium;fa-building-o;green;3,5;5;;;34830;21057;14047;Charlotte-Paulsen-Gymnasium;Wandsbek-Süd;Grundschule;2;75000
8501;Christian- Morgenstern- Schule (Stadtteilschule);;Heinrichstraße 14, 22769 Hamburg;53.566061;9.957599;Stadtteilschule;;fa-building-o;green;;;;;;;;;;;;
7909;Christian-Morgenstern-Schule (Grundschule);;Heinrichstraße 14, 22769 Hamburg;53.566061;9.957599;Grundschule;;fa-building-o;green;;;;;;;;;;;;
5813;Christianeum;Christianeum;Otto-Ernst-Straße 34, 22605 Hamburg;53.55805;9.874134;Gymnasium;Gymnasium;fa-building-o;green;4;6;;;28797;44939;36322;;;;;
7706;Christophorus-Schule;;Bergstedter Chaussee 205, 22395 Hamburg;53.675663;10.13557;Sonderschule;;fa-building-o;green;;;;;;;;;;;;
5615;Clara-Grunwald-Schule;Clara-Grunwald-Schule;Walter-Rothenburg-Weg 37, 21035 Hamburg;53.485665;10.152028;Grundschule;Grundschule;fa-building-o;green;2;2;;;;101573;51832;Clara-Grunwald-Schule;Bergedorf;Grundschule;2;79100
;;Cranz;;;;;Grundschule;;;2;3;0;13992;31903;7847;0;;;;;
;;Dempwolffstraße;;;;;Grundschule;;;4,2;2;0;6664;0;0;0;;;;;
3230;Domschule St. Marien (Grundschule);;Schmilinskystraße 70, 20099 Hamburg;53.557881;10.014614;Grundschule;;fa-building-o;green;;;;;;;;;;;;
3202;Domschule St. Marien (Stadtteilschule);;Schmilinskystraße 70, 20099 Hamburg;53.557881;10.014614;Stadtteilschule;;fa-building-o;green;;;;;;;;;;;;
;;Eimsbüttler Modell, Oberstufenhaus;;;;;Gymnasium;;;3;0;;;6247;8241;5186;;;;;
5742;Elbinselschule;Elbinselschule;Rahmwerder Straße 3, 21109 Hamburg;53.512144;10.019359;Grundschule;Grundschule;fa-building-o;green;1,8;1;;;;;300;Elbinselschule;GMH - Süd;Grundschule;1;75000
5158;Elbkinder Grundschule;;Grotefendweg 20, 22589 Hamburg;53.56673;9.829594;Grundschule;;fa-building-o;green;;;;;;;;;;;;
5145;Elbschule Bildungszentrum Hören und Kommunikation;Elbschule Bildungszentrum Hören und Kommunikation;Holmbrook 20, 22605 Hamburg;53.552854;9.899005;Sonderschule;Sonderschule;fa-building-o;green;3;0;;;7077;21154;16353;Elbschule Bildungszentrum Hören und Kommunikation;Altona;Förderschule;0;89500
5863;Emilie-Wüstenfeld-Gymnasium;Emilie-Wüstenfeld-Gymnasium;Bundesstraße 78, 20144 Hamburg;53.570918;9.972009;Gymnasium;Gymnasium;fa-building-o;green;4,1;5;;;16250;6562;12238;Emilie-Wüstenfeld-Gymnasium;Eimsbüttel;Gymnasium;5;68003
5064;Erich Kästner Schule;Erich Kästner-Schule;An der Berner Au 12, 22159 Hamburg;53.619607;10.120114;Stadtteilschule;Grund- /Stadtteilschule;fa-building-o;green;4,1;3;;;106159;84981;78264;;;;;
;;FE-Halle;;;;;Gymnasium;;;2,2;5;0;0;0;0;5280;;;;;
;;Förderschule Baererstraße;;;;;Förderschule;;;3;0;0;0;0;0;0;;;;;
;;Förderschule Elfenwiese;;;;;Förderschule;;;3;0;0;0;0;0;0;;;;;
;;Förderschule Karl-Arnold Ring;;;;;Förderschule;;;0;0;0;0;0;5183;0;;;;;
;;Förderschule Nymphenweg;;;;;Förderschule;;;2,9;0;0;0;0;0;0;;;;;
3210;Franz-von-Assisi-Schule;;Lämmersieth 38, 22305 Hamburg;53.585269;10.054826;Stadtteilschule;;fa-building-o;green;;;;;;;;;;;;
5264;Fridtjof-Nansen-Schule;Fridtjof-Nansen-Schule;Swatten Weg 10, 22547 Hamburg;53.59945;9.858029;Grundschule;Grundschule;fa-building-o;green;3,3;3;;;27403;23452;18718;Fridtjof-Nansen-Schule;Altona;Grundschule;3;255000
;;Frieda-Stoppenbrink-Schule;;;;;Grundschule;;;5,2;0;0;5945;11329;0;10831;;;;;
5801;Friedrich-Ebert-Gymnasium;Friedrich-Ebert-Gymnasium;Alter Postweg 30, 21075 Hamburg;53.464992;9.965082;Gymnasium;Gymnasium;fa-building-o;green;2,2;5;0;19861;0;0;18085;Friedrich-Ebert-Gymnasium;GMH - Süd;Gymnasium;5;50000
8106;Friedrich-Robbe-Institut;;Bärenallee 15, 22041 Hamburg;53.569672;10.063457;Sonderschule;;fa-building-o;green;;;;;;;;;;;;
5134;Fritz-Köhne-Schule;Fritz-Köhne-Schule;Marckmannstraße 61, 20539 Hamburg;53.535801;10.039874;Grundschule;Grundschule;fa-building-o;green;3,2;1;;;37355;31425;22414;Fritz-Köhne-Schule;Hamburg-Mitte;Grundschule;1;55000
5065;Fritz-Schumacher-Schule;Fritz-Schumacher-Schule;Foorthkamp 42, 22417 Hamburg;53.660023;10.012487;Stadtteilschule;Stadtteilschule;fa-building-o;green;4,1;4;;;38535;15854;37600;Fritz-Schumacher-Schule;Hamburg-Nord;Stadtteilschule;4;323300
;;;;;;;;;;;;;;;;;FS Elfenwiese;GMH - Süd;Sonderschule;0;89000
;;;;;;;;;;;;;;;;;FSP II;HIBB;Berufsschule;0;200000
;;;;;;;;;;;;;;;;;G01;HIBB;Berufsschule;0;405000
;;;;;;;;;;;;;;;;;G03;HIBB;Berufsschule;0;85000
;;;;;;;;;;;;;;;;;G06;HIBB;Berufsschule;0;610000
;;;;;;;;;;;;;;;;;G09;HIBB;Berufsschule;0;395000
;;G 15;;;;;Berufsschule;;;2,7;0;;;97601;115914;89660;G15;HIBB;Berufsschule;0;140000
;;;;;;;;;;;;;;;;;G16;HIBB;Berufsschule;0;832000
;;G 17;;;;;Berufsschule;;;3;0;;;35413;86716;47563;G17;HIBB;Berufsschule;0;425000
;;;;;;;;;;;;;;;;;G18;HIBB;Berufsschule;0;465000
;;G 19;;;;;Berufsschule;;;3,8;0;;;80382;105677;121186;G19;HIBB;Berufsschule;0;540000
5747;Ganztagsgrundschule Am Johannisland;;Am Johannisland 4, 21147 Hamburg;53.475995;9.854173;Grundschule;;fa-building-o;green;;;;;;;;;;;;
5167;Ganztagsgrundschule Sternschanze;Ganztagsgrundschule Sternschanze;Ludwigstraße 7, 20357 Hamburg;53.559763;9.966051;Grundschule;Grundschule;fa-building-o;green;2,8;2;;;6442;;;Ganztagsgrundschule Sternschanze;Altona;Grundschule;2;174500
5212;Ganztagsschule an der Elbe;Ganztagsschule an der Elbe;Struenseestraße 32, 22767 Hamburg;53.547502;9.945191;Grundschule;Grundschule;fa-building-o;green;3,5;2;;;25065;56903;;;;;;
5744;Ganztagsschule Fährstraße;Ganztagsschule Fährstraße;Fährstraße 90, 21107 Hamburg;53.517166;9.98147;Grundschule;Grundschule;fa-building-o;green;4,3;1;12981;11026;12616;6944;9048;;;;;
5886;Gelehrtenschule des Johanneums;;Maria-Louisen-Straße 114, 22301 Hamburg;53.589963;10.006038;Gymnasium;;fa-building-o;green;;;;;;;;Gelertenschule des Johanneums;Hamburg-Nord;Gymnasium;6;110000
5066;Geschwister-Scholl-Stadtteilschule;Geschwister-Scholl-Stadtteilschule;Böttcherkamp 181, 22549 Hamburg;53.591429;9.855568;Stadtteilschule;Stadtteilschule;fa-building-o;green;5;1;;;58527;59601;55276;;;;;
5824;Goethe-Gymnasium;Goethe-Gymnasium;Rispenweg 28, 22547 Hamburg;53.598487;9.892536;Gymnasium;Gymnasium;fa-building-o;green;3,1;4;;;34325;66835;29843;Goethe-Gymnasium;Altona;Gymnasium;4;174000
5070;Goethe-Schule-Harburg;;Bunatwiete 20, 21073 Hamburg;53.45631;9.982271;Stadtteilschule;;fa-building-o;green;;;;;;;;;;;;
5127;Goldbek-Schule;Goldbek-Schule;Imstedt 18, 22083 Hamburg;53.579475;10.02837;Grundschule;Grundschule;fa-building-o;green;3,4;4;;;14119;13499;6943;;;;;
5232;Gorch-Fock-Schule;;Karstenstraße 22, 22587 Hamburg;53.564438;9.801212;Grundschule;;fa-building-o;green;;;;;;;;;;;;
5084;Gretel-Bergmann-Schule;Gretel-Bergmann-Schule;Von-Moltke-Bogen 40, 21035 Hamburg;53.486129;10.160935;Stadtteilschule;Stadtteilschule;fa-building-o;green;2;2;;;110583;120739;133024;Gretel-Bergmann-Schule;Bergedorf;Stadtteilschule;2;477600
;;Grumbrechtstraße;;;;;Grundschule;;;3;2;0;0;11683;0;5651;;;;;
5501;Grundschule Altrahlstedt;Grundschule Altrahlstedt;Brockdorffstraße 64, 22149 Hamburg;53.595968;10.163651;Grundschule;Grundschule;fa-building-o;green;4,4;4;;;;6842;9989;;;;;
5111;Grundschule Am Heidberg;Grundschule Am Heidberg;Tangstedter Landstraße 300, 22417 Hamburg;53.670945;10.028731;Grundschule;Grundschule;fa-building-o;green;3,1;5;;;;;46952;;;;;
5719;Grundschule am Kiefernberg;Grundschule am Kiefernberg;Weusthoffstraße 95, 21075 Hamburg;53.461274;9.957321;Grundschule;Grundschule;fa-building-o;green;3,8;3;5217;9969;0;0;6107;GR am Kiefernberg;GMH - Süd;Grundschule;3;64100
5749;Grundschule An der Haake;Grundschule an der Haake (Hausbruch);Lange Striepen 51, 21147 Hamburg;53.476962;9.886229;Grundschule;Grundschule;fa-building-o;green;3,1;3;0;0;0;6337;6764;Grundschule an der Haake (Hausbruch);GMH - Süd;Grundschule;3;58500
5118;Grundschule Archenholzstraße;Grundschule Archenholzstraße;Archenholzstraße 55, 22117 Hamburg;53.54374;10.119649;Grundschule;Grundschule;fa-building-o;green;4,4;2;;;22064;15809;62026;;;;;
5137;Grundschule Arnkielstraße;Grundschule Arnkielstraße;Arnkielstraße 2, 22769 Hamburg;53.564073;9.952837;Grundschule;Grundschule;fa-building-o;green;2,8;1;;;37956;;38769;;;;;
5331;Grundschule Bindfeldweg;Grundschule Bindfeldweg;Bindfeldweg 37, 22459 Hamburg;53.622937;9.946712;Grundschule;Grundschule;fa-building-o;green;2,6;5;;;16845;42683;26499;;;;;
5205;Grundschule Bramfeld;Grundschule Bramfeld;Bramfelder Dorfplatz 5, 22179 Hamburg;53.614126;10.077605;Grundschule;Grundschule;fa-building-o;green;3,4;3;;;93280;74689;;;;;;
;;;;;;;;;;;;;;;;;Grundschule Curslack-Neuengamme;Bergedorf;Grundschule;5;104210
5102;Grundschule Eckerkoppel;Grundschule Eckerkoppel;Berner Heerweg 99, 22159 Hamburg;53.598866;10.115957;Grundschule;Grundschule;fa-building-o;green;5,1;4;;;10072;;26648;;;;;
5074;Grundschule Edwin-Scharff-Ring;Grundschule Edwin-Scharff-Ring;Edwin-Scharff-Ring 56, 22309 Hamburg;53.615419;10.047782;Grundschule;Grundschule;fa-building-o;green;3,9;2;;;31622;23664;35972;;;;;
5263;Grundschule Franzosenkoppel;Grundschule Franzosenkoppel;Franzosenkoppel 118, 22547 Hamburg;53.608217;9.871529;Grundschule;Grundschule;fa-building-o;green;3;3;;;13199;28069;19240;;;;;
5231;Grundschule Goosacker;Grundschule Goosacker;Goosacker 41, 22549 Hamburg;53.570968;9.849501;Grundschule;Grundschule;fa-building-o;green;4,4;4;;;39970;45757;;;;;;
5239;Grundschule Groß Flottbek;Grundschule Groß Flottbek;Osdorfer Weg 24, 22607 Hamburg;53.567321;9.894137;Grundschule;Grundschule;fa-building-o;green;3,2;5;;;22220;30795;31033;Grundschule Groß Flottbek;Altona;Grundschule;5;90000
5506;Grundschule Großlohering;Grundschule Großlohering;Großlohering 11, 22143 Hamburg;53.600624;10.178152;Grundschule;Grundschule;fa-building-o;green;3;2;;;31029;36781;29676;;;;;
5136;Grundschule Hasenweg;Grundschule Hasenweg;Hasenweg 40, 22393 Hamburg;53.638285;10.118698;Grundschule;Grundschule;fa-building-o;green;3,6;5;;;20180;12865;6573;;;;;
5612;Grundschule Heidhorst;Grundschule Heidhorst;Heidhorst 16, 21031 Hamburg;53.516513;10.168694;Grundschule;Grundschule;fa-building-o;green;2;4;;;13694;15915;13661;Grundschule Heidhorst;Bergedorf;Grundschule;4;101750
5304;Grundschule Hoheluft;Grundschule Hoheluft;Wrangelstraße 80, 20253 Hamburg;53.581466;9.967513;Grundschule;Grundschule;fa-building-o;green;2,9;5;;;11932;12788;9574;;;;;
5250;Grundschule Horn;Grundschule Horn;Rhiemsweg 61, 22111 Hamburg;53.558812;10.075143;Grundschule;Grundschule;fa-building-o;green;2,1;2;;;24884;23474;27473;Grundschule Horn;Hamburg-Mitte;Grundschule;2;136500
5538;Grundschule Islandstraße;Grundschule Islandstraße;Islandstraße 25, 22145 Hamburg;53.629043;10.159966;Grundschule;Grundschule;fa-building-o;green;4,8;4;;;11177;25827;15792;;;;;
;;;;;;;;;;;;;;;;;Grundschule Iserbarg;Altona;Grundschule;5;287000
5208;Grundschule Karlshöhe mit Zweigstellen;Grundschule Karlshöhe mit Zweigstellen;Lienaustraße 32, 22175 Hamburg;53.629151;10.125543;Grundschule;Grundschule;fa-building-o;green;3,6;5;;;42513;44753;42439;;;;;
5117;Grundschule Kirchdorf;;Prassekstraße 5, 21109 Hamburg;53.492697;10.009719;Grundschule;;fa-building-o;green;;;;;;;;;;;;
5104;Grundschule Lohkampstraße;;Lohkampstraße 145, 22523 Hamburg;53.613058;9.888585;Grundschule;;fa-building-o;green;;;;;;;;;;;;
5270;Grundschule Luruper Hauptstraße;;Luruper Hauptstraße 131, 22547 Hamburg;53.5983057;9.8542541;Grundschule;;fa-building-o;green;;;;;;;;;;;;
;;;;;;;;;;;;;;;;;Grundschule Marschweg;Altona;Grundschule;6;122500
;;;;;;;;;;;;;;;;;Grundschule Max-Eichholz-Ring;Bergedorf;Grundschule;4;167230
;;;;;;;;;;;;;;;;;Grundschule Mendelsohnstraße;Altona;Grundschule;2;170000
5611;Grundschule Mendelstraße;Grundschule Mendelstraße;Mendelstraße 6, 21031 Hamburg;53.506356;10.192654;Grundschule;Grundschule;fa-building-o;green;4,3;2;;;23768;74154;33914;Grundschule Mendelstraße;Bergedorf;Grundschule;2;153500
;;;;;;;;;;;;;;;;;Grundschule Mittlerer Landweg;Bergedorf;Grundschule;5;63250
5058;Grundschule Mümmelmannsberg;Grundschule Mümmelmannsberg;Mümmelmannsberg 54, 22115 Hamburg;53.529506;10.140067;Grundschule;Grundschule;fa-building-o;green;3,6;1;;;58407;66727;35452;Grundschule Mümmelmannsberg;Hamburg-Mitte;Grundschule;1;595000
;;Grundschule Neuenfelde;;;;;Grundschule;;;2;3;0;0;12324;0;0;;;;;
5755;Grundschule Neugraben - Offene Ganztagsgrundschule (GBS);Grundschule Neugraben;Francoper Straße 32, 21147 Hamburg;53.474585;9.864352;Grundschule;Grundschule;fa-building-o;green;4,6;2;0;0;0;0;0;;;;;
5508;Grundschule Neurahlstedt;Grundschule Neurahlstedt;Stapelfelder Straße 7, 22143 Hamburg;53.605883;10.168621;Grundschule;Grundschule;fa-building-o;green;3;4;;;13910;23758;25305;;;;;
5252;Grundschule Nydamer Weg;Grundschule Nydamer Weg;Nydamer Weg 44, 22145 Hamburg;53.617305;10.154537;Grundschule;Grundschule;fa-building-o;green;2,9;4;;;9097;25338;17157;;;;;
5139;Grundschule Osterbrook;Grundschule Osterbrook;Osterbrook 17, 20537 Hamburg;53.549008;10.056307;Grundschule;Grundschule;fa-building-o;green;3;1;;;41386;17199;25694;;;;;
5143;Grundschule Poppenbüttel;Grundschule Poppenbüttel;Schulbergredder 21, 22399 Hamburg;53.658997;10.080423;Grundschule;Grundschule;fa-building-o;green;3,2;5;;;;;72706;;;;;
5059;Grundschule Rahewinkel;Grundschule Rahewinkel;Rahewinkel 9, 22115 Hamburg;53.526622;10.154793;Grundschule;Grundschule;fa-building-o;green;4,8;1;;;16250;32458;25324;Grundschule Rahewinkel;;Grundschule;1;310000
;;;;;;;;;;;;;;;;;Grundschule Sander Straße;Bergedorf;Grundschule;3;54850
5348;Grundschule Sachsenweg;;Sachsenweg 74, 22455 Hamburg;53.641946;9.96027;Grundschule;;fa-building-o;green;;;;;;;;;;;;
5220;Grundschule Schimmelmannstraße;Grundschule Schimmelmannstraße;Schimmelmannstraße 70, 22043 Hamburg;53.571551;10.102693;Grundschule;Grundschule;fa-building-o;green;3,6;4;;;16221;15305;21973;Grundschule Schimmelmannstraße;Wandsbek-Süd;Grundschule;4;112500
;;Grundschule Schwarzenbergstraße;;;;;Grundschule;;;3;0;0;0;0;0;0;;;;;
5124;Grundschule St. Nikolai;Grundschule St. Nikolai;Robert-Koch-Straße 15, 20249 Hamburg;53.588932;9.983726;Grundschule;Grundschule;fa-building-o;green;5;6;;;32901;39976;24226;Grundschule St. Nikolai;Hamburg-Nord;Grundschule;6;50000
5103;Grundschule St.Pauli;Grundschule St. Pauli;Friedrichstraße 55, 20359 Hamburg;53.547707;9.958599;Grundschule;Grundschule;fa-building-o;green;3,3;2;;;;;31714;;;;;
5763;Grundschule Stübenhofer Weg;;Stübenhofer Weg 20, 21109 Hamburg;53.483074;10.014632;Grundschule;;fa-building-o;green;;;;;;;;;;;;
5214;Grundschule Thadenstraße;;Thadenstraße 147, 22767 Hamburg;53.557082;9.954912;Grundschule;;fa-building-o;green;;;;;;;;Grundschule Thadenstraße;Altona;Grundschule;4;283000
5514;Grundschule Tonndorf;Grundschule Tonndorf;Rahlaukamp 1, 22045 Hamburg;53.58588;10.128393;Grundschule;Grundschule;fa-building-o;green;4,3;4;;;19782;20833;29694;;;;;
;;;;;;;;;;;;;;;;;Grundschule Trenknerweg;Altona;Grundschule;5;100000
;;;;;;;;;;;;;;;;;GS Alsterredder;Wandsbek-Nord;Grundschule;6;125500
;;;;;;;;;;;;;;;;;GS Am Walde;Wandsbek-Nord;Grundschule;6;50000
;;;;;;;;;;;;;;;;;GS Bahrenfelder Straße;Altona;Grundschule;4;101700
;;;;;;;;;;;;;;;;;GS Buckhorn;Wandsbek-Nord;Grundschule;6;105000
;;;;;;;;;;;;;;;;;GS Duvenstedter Markt;Wandsbek-Nord;Grundschule;5;260000
;;;;;;;;;;;;;;;;;GS Eulenkrugstraße;Wandsbek-Nord;Grundschule;6;79000
;;;;;;;;;;;;;;;;;GS Grützmühlenweg;Wandsbek-Nord;Grundschule;4;53000
;;;;;;;;;;;;;;;;;GS Islandstraße;Wandsbek-Nord;Grundschule;4;140000
;;;;;;;;;;;;;;;;;GS Lehmkuhlenweg;Altona;Grundschule;6;57000
;;;;;;;;;;;;;;;;;GS Lehmsahl-Mellingstedt;Wandsbek-Nord;Grundschule;6;90000
;;;;;;;;;;;;;;;;;GS Neu Rahlstedt;Wandsbek-Nord;Grundschule;4;55000
;;;;;;;;;;;;;;;;;GS Poppenbüttel;Wandsbek-Nord;Stadtteilschule;5;95000
;;;;;;;;;;;;;;;;;GS St. Pauli & STS Am Hafen;Hamburg-Mitte;Grundschule;2;177000
;;;;;;;;;;;;;;;;;GS Wildschwanbrook;Wandsbek-Nord;Grundschule;3;96000
;;;;;;;;;;;;;;;;;GTS Fährstraße;GMH - Süd;Grundschule;1;84500
;;;;;;;;;;;;;;;;;GY Finkenwerder (+Sporthalle Focksweg);GMH - Süd;Gymnasium;5;83000
;;;;;;;;;;;;;;;;;Gym Carl von Ossietzky;Wandsbek-Nord;Gymnasium;5;513000
;;;;;;;;;;;;;;;;;Gym Heiberg und STS am Heidberg;Hamburg-Nord;Gymnasium;5;67493
;;;;;;;;;;;;;;;;;Gym Heinrich-Heine;Wandsbek-Nord;Gymnasium;6;220000
5881;Gymnasium Allee;Gymnasium Allee;Max-Brauer-Allee 83, 22765 Hamburg;53.554851;9.940882;Gymnasium;Gymnasium;fa-building-o;green;2,8;4;;;33017;26926;32479;Gymnasium Allee;Altona;Gymnasium;4;520700
5832;Gymnasium Allermöhe;Gymnasium Allermöhe;Walter-Rothenburg-Weg 41, 21035 Hamburg;53.485845;10.153092;Gymnasium;Gymnasium;fa-building-o;green;2;4;;;49162;14736;35583;Gymnasium Allermöhe;Bergedorf;Gymnasium;4;58000
5811;Gymnasium Alstertal;Gymnasium Alstertal;Erdkampsweg 89, 22335 Hamburg;53.632737;10.018569;Gymnasium;Gymnasium;fa-building-o;green;4,1;5;;;21805;30861;5651;;;;;
5830;Gymnasium Altona;Gymnasium Altona;Bleickenallee 5, 22763 Hamburg;53.550615;9.921174;Gymnasium;Gymnasium;fa-building-o;green;4;5;;;54363;55360;39675;Gymnasium Altona;Altona;Gymnasium;5;225000
5831;Gymnasium Blankenese;;Oesterleystraße 27, 22587 Hamburg;53.562704;9.807773;Gymnasium;;fa-building-o;green;;;;;;;;;;;;
5882;Gymnasium Bondenwald;Gymnasium Bondenwald;Bondenwald 14, 22453 Hamburg;53.622366;9.938782;Gymnasium;Gymnasium;fa-building-o;green;3,5;6;;;34952;72113;33227;Gymnasium Bondenwald;Eimsbüttel;Gymnasium;6;215000
5838;Gymnasium Bornbrook;Gymnasium Bornbrook;Schulenburgring 4, 21031 Hamburg;53.50786;10.194434;Gymnasium;Gymnasium;fa-building-o;green;4,2;4;;;36381;43350;37923;Gymnasium Bornbrook;Bergedorf;Gymnasium;4;52200
5812;Gymnasium Buckhorn;Gymnasium Buckhorn;Im Regestall 25, 22359 Hamburg;53.66452;10.151184;Gymnasium;Gymnasium;fa-building-o;green;3,3;6;;;39368;249276;70098;Gym Buckhorn;Wandsbek-Nord;Gymnasium;6;120000
5823;Gymnasium Corveystraße;Gymnasium Corveystraße;Corveystraße 6, 22529 Hamburg;53.596781;9.969265;Gymnasium;Gymnasium;fa-building-o;green;3,2;5;;;47094;28784;34315;Gym.Corveystr.;Eimsbüttel;Gymnasium;5;102000
5859;Gymnasium Dörpsweg;Gymnasium Dörpsweg;Dörpsweg 10, 22527 Hamburg;53.607876;9.911962;Gymnasium;Gymnasium;fa-building-o;green;3,5;5;;;27325;42422;59939;;;;;
5844;Gymnasium Eppendorf;Gymnasium Eppendorf;Hegestraße 35, 20249 Hamburg;53.584888;9.9844;Gymnasium;Gymnasium;fa-building-o;green;3,3;6;;;24199;37466;26171;Gymnasium Eppendorf;Hamburg-Nord;Gymnasium;6;460000
5885;Gymnasium Farmsen;Gymnasium Farmsen;Swebenhöhe 50, 22159 Hamburg;53.612011;10.109818;Gymnasium;Gymnasium;fa-building-o;green;4,2;4;;;35000;0;33371;;;;;
5856;Gymnasium Finkenwerder;Gymnasium Finkenwerder;Norderschulweg 18, 21129 Hamburg;53.531603;9.874973;Gymnasium;Gymnasium;fa-building-o;green;1,9;5;24098;0;5820;0;0;;;;;
5895;Gymnasium Grootmoor;Gymnasium Grootmoor;Am Damm 47, 22175 Hamburg;53.630031;10.097457;Gymnasium;Gymnasium;fa-building-o;green;3,8;6;;;37200;54440;69975;;;;;
5853;Gymnasium Hamm;Gymnasium Hamm;Ebelingplatz 8, 20537 Hamburg;53.554569;10.046999;Gymnasium;Gymnasium;fa-building-o;green;3,4;2;;;55641;51701;50797;Gymnasium Hamm;Hamburg-Mitte;Gymnasium;2;763000
5835;Gymnasium Heidberg;Gymnasium Heidberg;Fritz-Schumacher-Allee 200, 22417 Hamburg;53.669934;10.030969;Gymnasium;Gymnasium;fa-building-o;green;4,3;5;;;38264;42767;52992;Gymnasium Heidberg;Hamburg-Nord;Gymnasium;5;66857
5887;Gymnasium Hochrad;Gymnasium Hochrad;Hochrad 2, 22605 Hamburg;53.554025;9.876215;Gymnasium;Gymnasium;fa-building-o;green;4,1;6;;;25534;32447;29392;Gymnasium Hochrad 2;Altona;Gymnasium;6;222244
5842;Gymnasium Hoheluft;;Christian-Förster-Straße 19, 20253 Hamburg;53.582732;9.963209;Gymnasium;;fa-building-o;green;;;;;;;;;;;;
5899;Gymnasium Hummelsbüttel;Gymnasium Hummelsbüttel;Hummelsbüttler Hauptstraße 107, 22339 Hamburg;53.647333;10.040988;Gymnasium;Gymnasium;fa-building-o;green;3;4;;;35683;22753;21101;;;;;
5846;Gymnasium Kaiser-Friedrich-Ufer;Gymnasium Kaiser-Friedrich-Ufer;Kaiser-Friedrich-Ufer 6, 20259 Hamburg;53.573406;9.966373;Gymnasium;Gymnasium;fa-building-o;green;3,7;5;;;28619;15010;24444;Gym-Kaiser-Friedrich-Ufer;Eimsbüttel;Gymnasium;5;141853
5866;Gymnasium Klosterschule;Gymnasium Klosterschule;Westphalensweg 7, 20099 Hamburg;53.555768;10.025142;Gymnasium;Gymnasium;fa-building-o;green;3,1;5;;;98238;34807;46619;Gymnasium Klosterschule;Hamburg-Mitte;Gymnasium;5;123500
5868;Gymnasium Lerchenfeld;Gymnasium Lerchenfeld;Finkenau 42, 22081 Hamburg;53.5684;10.032816;Gymnasium;Gymnasium;fa-building-o;green;3,9;4;;;;;6153;Gymnasium Lerchenfeld;Hamburg-Nord;Gymnasium;4;165000
5847;Gymnasium Lohbrügge;Gymnasium Lohbrügge;An der Twiete 23, 21031 Hamburg;53.502654;10.203271;Gymnasium;Gymnasium;fa-building-o;green;3,1;5;;;33264;53196;59603;;;;;
5898;Gymnasium Marienthal;Gymnasium Marienthal;Holstenhofweg 86, 22043 Hamburg;53.566721;10.1066;Gymnasium;Gymnasium;fa-building-o;green;2,9;3;;;39661;43139;48106;;;;;
5890;Gymnasium Meiendorf;Gymnasium Meiendorf;Schierenberg 60, 22145 Hamburg;53.624881;10.150905;Gymnasium;Gymnasium;fa-building-o;green;2,7;5;;;36072;34985;52614;;;;;
5850;Gymnasium Oberalster;Gymnasium Oberalster;Alsterredder 26, 22395 Hamburg;53.658849;10.101151;Gymnasium;Gymnasium;fa-building-o;green;2;5;;;41169;32620;50124;Gymn. Oberalster;Wandsbek-Nord;Gymnasium;5;69000
5896;Gymnasium Ohlstedt;Gymnasium Ohlstedt;Sthamerstraße 55, 22397 Hamburg;53.693403;10.140887;Gymnasium;Gymnasium;fa-building-o;green;3,1;6;;;20098;15241;27636;Gym Ohlstedt;Wandsbek-Nord;Gymnasium;6;236000
5829;Gymnasium Ohmoor;Gymnasium Ohmoor;Sachsenweg 76, 22455 Hamburg;53.642079;9.960346;Gymnasium;Gymnasium;fa-building-o;green;3,4;6;;;;;100642;Gymnasium Ohmoor;Eimsbüttel;Gymnasium;6;221000
5837;Gymnasium Oldenfelde;Gymnasium Oldenfelde;Birrenkovenallee 12, 22143 Hamburg;53.610609;10.159506;Gymnasium;Gymnasium;fa-building-o;green;2,2;5;;;41094;48244;74561;;;;;
5897;Gymnasium Osterbek;Gymnasium Osterbek;Turnierstieg 24, 22179 Hamburg;53.600184;10.093516;Gymnasium;Gymnasium;fa-building-o;green;4;5;;;75168;43765;71051;;;;;
5891;Gymnasium Othmarschen;Gymnasium Othmarschen;Walderseestraße 99, 22605 Hamburg;53.554719;9.883955;Gymnasium;Gymnasium;fa-building-o;green;3,4;6;;;29963;32849;29592;Gymnasium Othmarschen;Altona;Gymnasium;6;189500
5869;Gymnasium Rahlstedt;Gymnasium Rahlstedt;Scharbeutzer Straße 36, 22147 Hamburg;53.600743;10.145879;Gymnasium;Gymnasium;fa-building-o;green;2,1;5;;;16368;39010;38598;;;;;
5809;Gymnasium Rissen;Gymnasium Rissen;Voßhagen 15, 22559 Hamburg;53.580404;9.752433;Gymnasium;Gymnasium;fa-building-o;green;3;6;;;26641;38903;29636;;;;;
5803;Gymnasium Süderelbe;Gymnasium Süderelbe;Falkenbergsweg 5, 21149 Hamburg;53.470083;9.863995;Gymnasium;Gymnasium;fa-building-o;green;3;5;0;38364;27885;0;12750;;;;;
5046;Gyula Trebitsch Schule Tonndorf;Gyula Trebitsch Schule Tonndorf;Barenkrug 16, 22159 Hamburg;53.59469;10.124487;Stadtteilschule;Stadtteilschule;fa-building-o;green;4,8;4;;;43770;0;65457;;;;;
;;;;;;;;;;;;;;;;;H02;HIBB;Berufsschule;0;145000
;;;;;;;;;;;;;;;;;H03;HIBB;Berufsschule;0;975000
;;;;;;;;;;;;;;;;;H05;HIBB;Berufsschule;0;210000
;;;;;;;;;;;;;;;;;H07;HIBB;Berufsschule;0;370000
;;;;;;;;;;;;;;;;;H09;HIBB;Berufsschule;0;215000
;;;;;;;;;;;;;;;;;H18;HIBB;Berufsschule;0;75000
;;Hanhoopsfeld;;;;;Stadtteilschule;;;4,9;0;0;0;0;0;7325;;;;;
5845;Hansa-Gymnasium Bergedorf;;Hermann-Distel-Straße 25, 21029 Hamburg;53.49337;10.220179;Gymnasium;;fa-building-o;green;;;;;;;;;;;;
;;Hansa-Kolleg;;;;;Tagesgymnasium;;;2,2;0;;;13692;12273;14942;;;;;
8118;Haus des Lernens;;Lienaustraße 14, 22159 Hamburg;53.627908;10.124184;Stadtteilschule;;fa-building-o;green;;;;;;;;;;;;
5888;Heilwig-Gymnasium;Heilwig-Gymnasium;Wilhelm-Metzger-Straße 4, 22297 Hamburg;53.604958;9.998888;Gymnasium;Gymnasium;fa-building-o;green;3,6;5;;;22874;49653;37836;Heilwig- Gymnasium;Hamburg-Nord;Gymnasium;5;254000
5894;Heinrich-Heine-Gymnasium;Heinrich-Heine-Gymnasium;Harksheider Straße 70, 22399 Hamburg;53.665243;10.073511;Gymnasium;Gymnasium;fa-building-o;green;3;6;;;30586;47791;51772;;;;;
5062;Heinrich-Hertz-Schule;Heinrich-Hertz-Schule;Grasweg 72, 22303 Hamburg;53.592979;10.010512;Stadtteilschule;Stadtteilschule;fa-building-o;green;3,9;4;;;95842;79388;61508;Heinrich- Hertz- Schule;Hamburg-Nord;Stadtteilschule;4;423000
5105;Heinrich-Wolgast-Schule;;Greifswalder Straße 40, 20099 Hamburg;53.556448;10.010887;Grundschule;;fa-building-o;green;;;;;;;;Heinrich-Wolgast-Schule;Hamburg-Mitte;Grundschule;3;171000
5814;Heisenberg-Gymnasium;Heisenberg-Gymnasium;Triftstraße 43, 21075 Hamburg;53.457194;9.944168;Gymnasium;Gymnasium;fa-building-o;green;2;5;0;8609;0;0;0;;;;;
5864;Helene Lange Gymnasium;;Bogenstraße 32, 20144 Hamburg;53.57365;9.974617;Gymnasium;;fa-building-o;green;;;;;;;;Helene-Lange-Gymnasium;Eimsbüttel;Gymnasium;5;107194
5807;Helmut-Schmidt-Gymnasium;Helmut-Schmidt-Gymnasium;Krieterstraße 5, 21109 Hamburg;53.499773;10.01352;Gymnasium;Gymnasium;fa-building-o;green;2,1;2;0;0;0;0;11347;;;;;
5071;Ida Ehre Schule;Ida Ehre Schule;Lehmweg 14, 20144 Hamburg;53.574695;9.979121;Stadtteilschule;Stadtteilschule;fa-building-o;green;3,9;3;;;38481;28379;78481;Ida Ehre Schule;Eimsbüttel;Stadtteilschule;3;72100
5052;Ilse-Löwenstein-Schule;;Humboldtstraße 89, 22083 Hamburg;53.576682;10.022011;Stadtteilschule;;fa-building-o;green;;;;;;;;Ilse- Löwenstein- Schule;Hamburg-Nord;Stadtteilschule;4;536000
5839;Immanuel-Kant-Gymnasium;Immanuel-Kant-Gymnasium;Am Pavillon 15, 21077 Hamburg;53.431565;9.967041;Gymnasium;Gymnasium;fa-building-o;green;2;5;0;109805;17309;0;0;;;;;
;;In der Alten Forst;;;;;Grundschule;;;1,6;5;0;0;0;0;0;;;;;
;;;;;;;;;;;;;;;;;Insel Schule Neuwerk;Hamburg-Mitte;Grundschule;0;106000
5069;Irena-Sendler-Schule;Irena-Sendler-Schule;Am Pfeilshof 20, 22393 Hamburg;53.639928;10.103514;Stadtteilschule;Stadtteilschule;fa-building-o;green;4,6;4;;;93713;98499;75631;;;;;
8301;Jenisch-Gymnasium;;Jenischstraße 48, 22609 Hamburg;53.562519;9.854583;Gymnasium;;fa-building-o;green;;;;;;;;;;;;
5822;Johannes-Brahms-Gymnasium;Johannes-Brahms-Gymnasium;Höhnkoppelort 24, 22179 Hamburg;53.612768;10.082888;Gymnasium;Gymnasium;fa-building-o;green;3;4;;;26974;49411;35030;Johannes-Brahms-Gymnasium;Wandsbek-Süd;Gymnasium;4;232000
8004;Joseph-Carlebach-Schule (Grundschule);;Grindelhof 30, 20146 Hamburg;53.568649;9.983728;Grundschule;;fa-building-o;green;;;;;;;;;;;;
8007;Joseph-Carlebach-Schule (Stadtteilschule);;Grindelhof 30, 20146 Hamburg;53.568649;9.983728;Stadtteilschule;;fa-building-o;green;;;;;;;;;;;;
5067;Julius-Leber-Schule;Julius-Leber-Schule;Halstenbeker Straße 41, 22457 Hamburg;53.625006;9.903745;Stadtteilschule;Stadtteilschule;fa-building-o;green;4;4;;;90348;84257;80462;Julius-Leber-Schule;Eimsbüttel;Stadtteilschule;4;587000
;;Kapellenweg;;;;;Grundschule;;;1,8;2;0;5337;6602;0;10769;;;;;
3212;Katharina-von-Siena-Schule;;Eberhofweg 75, 22415 Hamburg;53.651919;10.014873;Grundschule;;fa-building-o;green;;;;;;;;;;;;
5101;Katharinenschule in der Hafencity;;Am Dalmannkai 18, 20457 Hamburg;53.542065;9.994563;Grundschule;;fa-building-o;green;;;;;;;;;;;;
3217;Katholische Bonifatiusschule;;Bonifatiusstraße 2, 21107 Hamburg;53.504744;9.98662;Stadtteilschule;;fa-building-o;green;;;;;;;;;;;;
3204;Katholische Schule Altona;;Dohrnweg 6, 22767 Hamburg;53.559409;9.956165;Stadtteilschule;;fa-building-o;green;;;;;;;;;;;;
3207;Katholische Schule Am Weiher - St. Bonifatius;;Am Weiher 29, 20255 Hamburg;53.577956;9.957578;Grundschule;;fa-building-o;green;;;;;;;;;;;;
3215;Katholische Schule Bergedorf;;Chrysanderstraße 40, 21029 Hamburg;53.49182;10.215631;Grundschule;;fa-building-o;green;;;;;;;;;;;;
3206;Katholische Schule Blankenese;;Mörikestraße 16, 22587 Hamburg;53.561828;9.822509;Grundschule;;fa-building-o;green;;;;;;;;;;;;
3213;Katholische Schule Farmsen;;Rahlstedter Weg 15, 22159 Hamburg;53.606716;10.12183;Grundschule;;fa-building-o;green;;;;;;;;;;;;
3201;Katholische Schule Hammer Kirche;;Bei der Hammer Kirche 10, 20535 Hamburg;53.556728;10.054931;Grundschule;;fa-building-o;green;;;;;;;;;;;;
3216;Katholische Schule Harburg;;Reeseberg 8, 21073 Hamburg;53.449812;9.988358;Stadtteilschule;;fa-building-o;green;;;;;;;;;;;;
3208;Katholische Schule Hochallee;;Hochallee 9, 20149 Hamburg;53.573465;9.985793;Grundschule;;fa-building-o;green;;;;;;;;;;;;
3222;Katholische Schule Neugraben;;Cuxhavener Straße 379, 21149 Hamburg;53.472025;9.8446;Stadtteilschule;;fa-building-o;green;;;;;;;;;;;;
3211;Katholische Schule St. Antonius;;Alsterdorfer Straße 71, 22299 Hamburg;53.59872;9.996569;Grundschule;;fa-building-o;green;;;;;;;;;;;;
3214;Katholische Schule St. Joseph - Wandsbek;;Böhmestraße 3, 22041 Hamburg;53.573872;10.076326;Grundschule;;fa-building-o;green;;;;;;;;;;;;
3205;Katholische Schule St. Marien - Eulenstraße;;Eulenstraße 68, 22763 Hamburg;53.551142;9.924064;Grundschule;;fa-building-o;green;;;;;;;;;;;;
3203;Katholische Schule St. Paulus;;Öjendorfer Weg 14, 22111 Hamburg;53.540571;10.107749;Stadtteilschule;;fa-building-o;green;;;;;;;;;;;;
3209;Katholische Sophienschule;;Elsastraße 46, 22083 Hamburg;53.579224;10.034378;Grundschule;;fa-building-o;green;;;;;;;;;;;;
;;Kerschensteiner Straße;;;;;Grundschule;;;4,8;1;0;0;0;0;0;;;;;
5417;Kurt-Juster-Schule;Kurt-Juster-Schule;Alsterdorfer Straße 420, 22297 Hamburg;53.613954;10.020571;Sonderschule;Sonderschule;fa-building-o;green;3,6;0;;;33138;40867;30500;Kurt-Juster-Schule;Hamburg-Nord;Förderschule;0;78510
5800;Kurt-Körber-Gymnasium;Kurt-Körber-Gymnasium;Pergamentweg 1, 22117 Hamburg;53.541154;10.12098;Gymnasium;Gymnasium;fa-building-o;green;2,8;2;;;34912;49478;48133;;;;;
5654;Kurt-Tucholsky-Schule;Kurt-Tucholsky-Schule;Eckernförder Straße 70, 22769 Hamburg;53.566655;9.946527;Stadtteilschule;Stadtteilschule;fa-building-o;green;4,7;2;;;26280;25292;29138;;;;;
;;Lange Striepen;;;;;Grundschule;;;3;0;0;0;0;0;0;;;;;
;;Lessing-Gymnasium;;;;;Stadtteilschule;;;3,9;3;0;0;0;0;0;;;;;
5664;Lessing-Stadtteilschule;;Am Soldatenfriedhof 21, 21073 Hamburg;53.462811;9.976362;Stadtteilschule;;fa-building-o;green;;;;;;;;;;;;
5825;Lise-Meitner-Gymnasium;Lise-Meitner-Gymnasium;Knabeweg 3, 22549 Hamburg;53.573042;9.856687;Gymnasium;Gymnasium;fa-building-o;green;2,7;4;;;57715;44818;56763;Lise-Meitner-Gymnasium;Altona;Gymnasium;4;189000
5210;Loki-Schmidt-Schule;Loki-Schmidt-Schule;Othmarscher Kirchenweg 145, 22763 Hamburg;53.553462;9.900346;Grundschule;Grundschule;fa-building-o;green;2,7;4;;;24979;22003;22455;Loki-Schmidt-Schule;Altona;Grundschule;4;156600
5206;Louise Schroeder Schule;Louise-Schroeder-Schule;Thedestraße 100, 22767 Hamburg;53.553685;9.949814;Grundschule;Grundschule;fa-building-o;green;2;3;;;33987;33068;38230;Louise-Schröder-Schule GS;Altona;Grundschule;3;51500
5848;Luisen-Gymnasium Bergedorf;Luisen-Gymnasium Bergedorf;Reinbeker Weg 76, 21029 Hamburg;53.49231;10.228069;Gymnasium;Gymnasium;fa-building-o;green;2,8;6;;;47832;28647;21182;Luisen-Gymnasium;Bergedorf;Gymnasium;6;116000
8013;Lycée Français de Hambourg 'Antoine de St. Exupéry' (Grundschule);;Hartsprung 23, 22529 Hamburg;53.604141;9.958474;Grundschule;;fa-building-o;green;;;;;;;;;;;;
8003;Lycée Français de Hambourg 'Antoine de St. Exupéry' (Gymnasium);;Hartsprung 23, 22529 Hamburg;53.604141;9.958474;Gymnasium;;fa-building-o;green;;;;;;;;;;;;
;;Maretstraße + Bunatwiete;;;;;Grundschule / Stadtteilschule;;;2;1;6211;0;17383;6118;6076;Maretstraße (Community Center);GMH - Süd;Grundschule / Stadtteilschule;1;246500
5834;Margaretha-Rothe-Gymnasium;Margaretha-Rothe-Gymnasium;Langenfort 5, 22307 Hamburg;53.599295;10.042722;Gymnasium;Gymnasium;fa-building-o;green;2,9;4;;;49769;63689;43899;;;;;
5413;Marie-Beschütz-Schule;Marie-Beschütz-Schule;Schottmüllerstraße 23, 20251 Hamburg;53.591812;9.98564;Grundschule;Grundschule;fa-building-o;green;5;5;;;19896;33312;;;;;;
5841;Marion Dönhoff Gymnasium;Marion-Dönhoff-Gymnasium;Willhöden 74, 22587 Hamburg;53.57141;9.806883;Gymnasium;Gymnasium;fa-building-o;green;3,3;6;;;50802;95057;28280;Marion-Dönhoff-Gymnasium;Altona;Gymnasium;6;419000
;;Marmstorf;;;;;Grundschule;;;2,7;5;0;0;0;0;0;;;;;
5802;Matthias-Claudius-Gymnasium;Matthias-Claudius-Gymnasium;Witthöfftstraße 8, 22041 Hamburg;53.57298;10.072872;Gymnasium;Gymnasium;fa-building-o;green;3,1;4;;;17484;20982;37534;;;;;
5076;Max-Brauer-Schule;Max-Brauer-Schule;Daimlerstraße 40, 22761 Hamburg;53.570314;9.912774;Stadtteilschule;Grund- /Stadtteilschule;fa-building-o;green;3,7;5;;;74475;101217;74602;Max Brauer Schule;Altona;Grundschule / Stadtteilschule;5;99500
5054;Max-Schmeling-Stadtteilschule;;Oktaviostraße 143, 22043 Hamburg;53.567124;10.1038;Stadtteilschule;;fa-building-o;green;;;;;;;;;;;;
5271;Max-Traeger-Schule;Max-Traeger-Schule;Baumacker 10, 22523 Hamburg;53.616075;9.898091;Grundschule;Grundschule;fa-building-o;green;3,1;2;;;13634;28597;39389;Max-Traeger-Schule;Eimsbüttel;Grundschule;2;100700
8117;Michael Schule;;Woellmerstraße 1, 21075 Hamburg;53.46531;9.959604;Sonderschule;;fa-building-o;green;;;;;;;;;;;;
7920;Moderne Schule Hamburg (Grundschule);;Brödermannsweg 17, 22453 Hamburg;53.605886;9.978596;Grundschule;;fa-building-o;green;;;;;;;;;;;;
7921;Moderne Schule Hamburg (Gymnasium);;Brödermannsweg 17, 22453 Hamburg;53.605886;9.978596;Gymnasium;;fa-building-o;green;;;;;;;;;;;;
7916;Monaddrei-Schule Hamburg;;Schäferkampsallee 27, 20357 Hamburg;53.568261;9.967796;Grundschule;;fa-building-o;green;;;;;;;;;;;;
7708;Montessorischule Hamburg-Bergedorf;;August-Bebel-Straße 196, 21029 Hamburg;53.480937;10.241404;Grundschule;;fa-building-o;green;;;;;;;;;;;;
5072;Nelson-Mandela-Schule im Stadtteil Kirchdorf;;Neuenfelder Straße 106, 21109 Hamburg;53.493162;10.013895;Stadtteilschule;;fa-building-o;green;;;;;;;;;;;;
7910;Neue Schule Hamburg;;Schimmelreiterweg 11, 22149 Hamburg;53.591862;10.181015;Stadtteilschule;;fa-building-o;green;;;;;;;;;;;;
;;Neuland;;;;;Grundschule;;;4,2;5;0;0;0;0;0;;;;;
3224;Niels-Stensen-Gymnasium;;Barlachstraße 16, 21073 Hamburg;53.45789;9.971421;Gymnasium;;fa-building-o;green;;;;;;;;;;;;
;;NF 65 (Quellmoor --> STS Süderelbe);;;;;Grundschule;;;1;2;0;7947;10574;16660;313619;;;;;
;;Ohrnsweg;;;;;Grundschule;;;3,5;2;0;0;10298;0;0;;;;;
7924;OKO Private School Talent-Schule Hamburg;;Saarlandstraße 30, 22303 Hamburg;53.587594;10.033718;Gymnasium;;fa-building-o;green;;;;;;;;;;;;
5670;Otto-Hahn-Schule;Otto-Hahn-Schule;Jenfelder Allee 53, 22043 Hamburg;53.580364;10.126154;Stadtteilschule;Stadtteilschule;fa-building-o;green;3,6;2;;;66480;41130;69756;;;;;
;;Quellmoor alt;;;;;Stadtteilschule;;;3,9;2;0;0;23440;0;0;;;;;
7715;Private Grundschule Brecht;;Norderstraße 163, 20097 Hamburg;53.551065;10.018207;Grundschule;;fa-building-o;green;;;;;;;;;;;;
7714;Private Stadtteilschule Brecht;;Norderstraße 163, 20097 Hamburg;53.551065;10.018207;Stadtteilschule;;fa-building-o;green;;;;;;;;;;;;
7703;Privates Gymnasium Brecht;;Norderstraße 163, 20097 Hamburg;53.551065;10.018207;Gymnasium;;fa-building-o;green;;;;;;;;;;;;
;;Rahmwerder Straße;;;;;Grundschule;;;4;1;6202;0;0;0;9735;;;;;
7707;Raphael-Schule;Raphael-Schule;Quellental 25, 22609 Hamburg;53.552359;9.861204;Sonderschule;Sonderschule;fa-building-o;green;3;0;;;;8928;;;;;;
5350;ReBBZ Altona;ReBBZ Altona;Sommerhuder Straße 18, 22767 Hamburg;53.562862;9.954003;Sonderschule;ReBBZ;fa-building-o;green;2,6;0;;;19646;8741;25983;;;;;
5351;ReBBZ Altona-West;ReBBZ Altona-West;Böttcherkamp 144, 22549 Hamburg;53.592406;9.861976;Sonderschule;ReBBZ;fa-building-o;green;3,6;0;;;30529;32150;37876;ReBBZ Altona-West;Altona;ReBBZ;0;138000
5352;ReBBZ Bergedorf;ReBBZ Bergedorf;Billwerder Billdeich 648 a, 21031 Hamburg;53.492724;10.185275;Sonderschule;ReBBZ;fa-building-o;green;4,4;0;;;10172;9115;47903;;;;;
5356;ReBBZ Billstedt;ReBBZ Billstedt;Steinfeldtstraße 1, 22119 Hamburg;53.546881;10.101296;Sonderschule;ReBBZ;fa-building-o;green;3,1;0;;;16764;15280;53546;ReBBZ Billstedt;Hamburg-Mitte;ReBBZ;0;499000
5353;ReBBZ Eimsbüttel;ReBBZ Eimsbüttel;Bindfeldweg 37, 22459 Hamburg;53.622937;9.946712;Sonderschule;ReBBZ;fa-building-o;green;3,7;0;;;;5023;10003;;;;;
5355;ReBBZ Harburg;;Kapellenweg 63, 21073 Hamburg;53.45816;9.972548;Sonderschule;;fa-building-o;green;;;;;;;;;;;;
5358;ReBBZ Mitte;ReBBZ Mitte;Laeiszstraße 12, 20537 Hamburg;53.547164;10.04937;Sonderschule;ReBBZ;fa-building-o;green;3,9;0;;;10036;24392;26936;ReBBZ Mitte;Hamburg-Mitte;ReBBZ;0;68000
5360;ReBBZ Nord;ReBBZ Nord;Sengelmannstraße 50, 22297 Hamburg;53.614531;10.020026;Sonderschule;ReBBZ;fa-building-o;green;3,1;0;;;34793;87976;27559;ReBBZ Nord;Hamburg-Nord;ReBBZ;0;70000
5354;ReBBZ Süderelbe;;Neumoorstück 2, 21147 Hamburg;53.478904;9.868113;Sonderschule;;fa-building-o;green;;;;;;;;;;;;
5361;ReBBZ Wandsbek-Nord;ReBBZ Wandsbek-Nord;Wildschwanbrook 9, 22175 Hamburg;53.627634;10.17108;Sonderschule;ReBBZ;fa-building-o;green;3,6;0;;;21544;10078;17604;;;;;
5362;ReBBZ Wandsbek-Süd;ReBBZ Wandsbek-Süd;Hammer Straße 124, 22043 Hamburg;53.563018;10.066009;Sonderschule;ReBBZ;fa-building-o;green;3,6;0;;;70259;37591;119271;;;;;
5357;ReBBZ Wilhelmsburg;;Krieterstraße 2 a, 21109 Hamburg;53.500272;10.013108;Sonderschule;;fa-building-o;green;;;;;;;;;;;;
5359;ReBBZ Winterhude;ReBBZ Winterhude;Winterhuder Weg 11, 22335 Hamburg;53.631369;10.004938;Sonderschule;ReBBZ;fa-building-o;green;3,6;0;;;37575;55312;27486;ReBBZ Winterhude;Hamburg-Nord;ReBBZ;0;230000
;;Rönneburg;;;;;Grundschule;;;4,8;4;0;5760;14013;20568;0;Rönneburg;GMH - Süd;Grundschule;4;79000
;;Rotenhäuser Damm;;;;;Grundschule;;;3;1;0;0;0;0;0;Rotenhäuser Damm;GMH - Süd;Grundschule;1;51500
5248;Rudolf-Roß-Grundschule;Rudolf-Roß-Grundschule;Kurze Straße 30, 20355 Hamburg;53.553031;9.978766;Grundschule;Grundschule;fa-building-o;green;2,9;3;;;31576;31274;21254;Rudolf-Roß-Grundschule;Hamburg-Mitte;Grundschule;3;355000
8113;Rudolf-Steiner-Schule Altona;;Bleickenallee 1, 22763 Hamburg;53.55055;9.922053;Stadtteilschule;;fa-building-o;green;;;;;;;;;;;;
8115;Rudolf-Steiner-Schule Bergedorf;;Am Brink 7, 21029 Hamburg;53.485116;10.216802;Stadtteilschule;;fa-building-o;green;;;;;;;;;;;;
8112;Rudolf-Steiner-Schule Bergstedt;;Bergstedter Chaussee 207, 22395 Hamburg;53.676324;10.135846;Stadtteilschule;;fa-building-o;green;;;;;;;;;;;;
8114;Rudolf-Steiner-Schule Harburg;;Ehestorfer Heuweg 82, 21149 Hamburg;53.461212;9.891795;Stadtteilschule;;fa-building-o;green;;;;;;;;;;;;
8102;Rudolf-Steiner-Schule Nienstedten;;Elbchaussee 366, 22609 Hamburg;53.549041;9.855735;Stadtteilschule;;fa-building-o;green;;;;;;;;;;;;
8101;Rudolf-Steiner-Schule Wandsbek;;Rahlstedter Weg 60, 22159 Hamburg;53.602838;10.127174;Stadtteilschule;;fa-building-o;green;;;;;;;;;;;;
3219;Sankt-Ansgar-Schule;;Bürgerweide 33, 20535 Hamburg;53.557509;10.031605;Gymnasium;;fa-building-o;green;;;;;;;;;;;;
;;Scheeßeler Kehre;;;;;Grundschule;;;1,8;4;0;0;0;0;18462;;;;;
;;Schnuckendrift;;;;;Grundschule;;;4,3;5;0;0;8181;0;0;;;;;
5532;Schule Ahrensburger Weg;Schule Ahrensburger Weg;Ahrensburger Weg 12, 22359 Hamburg;53.652032;10.170362;Grundschule;Grundschule;fa-building-o;green;1,8;6;;;24804;25735;23964;;;;;
5400;Schule Alsterdorfer Straße;;Alsterdorfer Straße 39, 22299 Hamburg;53.596324;9.995858;Grundschule;;fa-building-o;green;;;;;;;;;;;;
5520;Schule Alsterredder;Schule Alsterredder;Alsterredder 28, 22395 Hamburg;53.658655;10.099555;Grundschule;Grundschule;fa-building-o;green;3,1;6;;;28343;23832;29967;;;;;
5631;Schule Altengamme-Deich;Schule Altengamme-Deich;Kirchenstegel 12, 21039 Hamburg;53.428618;10.27047;Grundschule;Grundschule;fa-building-o;green;3,1;5;;;7613;10933;9892;;;;;
5587;Schule am Eichtalpark;Schule am Eichtalpark;Walddörferstraße 243, 22047 Hamburg;53.58216;10.095787;Grundschule;Grundschule;fa-building-o;green;3,4;3;;;33449;32830;57253;;;;;
5172;Schule am Schleemer Park;Schule am Schleemer Park;Oberschleems 9, 22117 Hamburg;53.537435;10.119312;Grundschule;Grundschule;fa-building-o;green;3,5;1;;;50384;29519;36010;Schule Am Schleemer Park;Hamburg-Mitte;Grundschule;1;183000
5075;Schule am See;Schule am See;Gropiusring 43, 22309 Hamburg;53.61435;10.057353;Stadtteilschule;Grund- /Stadtteilschule;fa-building-o;green;3,4;2;;;;22846;26378;;;;;
5502;Schule Am Sooren;Schule Am Sooren;Brunskamp 17, 22149 Hamburg;53.592678;10.181092;Grundschule;Grundschule;fa-building-o;green;3;4;;;29268;24142;25924;;;;;
5522;Schule Am Walde;Schule Am Walde;Kupferredder 12, 22397 Hamburg;53.697582;10.136258;Grundschule;Grundschule;fa-building-o;green;3,5;6;;;19037;10855;16901;;;;;
5525;Schule An den Teichwiesen;Schule An den Teichwiesen;Saseler Weg 30, 22359 Hamburg;53.649383;10.148515;Grundschule;Grundschule;fa-building-o;green;3,5;6;;;33404;27389;31544;;;;;
5773;Schule an der Burgweide;;Karl-Arnold-Ring 13, 21109 Hamburg;53.486789;10.023942;Grundschule;;fa-building-o;green;;;;;;;;;;;;
;;An der Burgweide;;;;;Grundschule;;;2,1;1;0;7297;0;0;0;;;;;
5575;Schule An der Gartenstadt;Schule An der Gartenstadt;Stephanstraße 103, 22047 Hamburg;53.589398;10.085903;Grundschule;Grundschule;fa-building-o;green;5,4;4;;;19610;26230;25959;;;;;
5160;Schule An der Glinder Au;Schule An der Glinder Au;Sonnenland 27, 22115 Hamburg;53.534304;10.131631;Grundschule;Grundschule;fa-building-o;green;3,6;1;;;25272;40464;18733;Schule An der Glinder Au;Hamburg-Mitte;Grundschule;1;66000
5301;Schule An der Isebek;;Bismarckstraße 83, 20253 Hamburg;53.575539;9.967867;Grundschule;;fa-building-o;green;;;;;;;;Schule An der Isebek;Eimsbüttel;Grundschule;6;62100
5557;Schule An der Seebek;;Fabriciusstraße 150, 22177 Hamburg;53.605009;10.067146;Grundschule;;fa-building-o;green;;;;;;;;;;;;
5330;Schule Anna-Susanna-Stieg;Schule Anna-Susanna-Stieg;Anna-Susanna-Stieg 3, 22457 Hamburg;53.642336;9.918993;Grundschule;Grundschule;fa-building-o;green;4,4;4;;;10928;22068;17274;;;;;
5564;Schule Appelhoff;Schule Appelhoff;Appelhoff 2, 22309 Hamburg;53.607404;10.05896;Grundschule;Grundschule;fa-building-o;green;3,5;2;;;27388;28932;62510;;;;;
5753;Schule Arp-Schnitger-Stieg;;Arp-Schnitger-Stieg 19, 21129 Hamburg;53.516199;9.810992;Grundschule;;fa-building-o;green;;;;;;;;;;;;
5416;Schule auf der Uhlenhorst;Schule auf der Uhlenhorst;Winterhuder Weg 126, 22085 Hamburg;53.577806;10.017883;Grundschule;Grundschule;fa-building-o;green;4,1;5;;;53360;15152;18999;;;;;
5099;Schule auf der Veddel;Schule auf der Veddel;Slomanstieg 1, 20539 Hamburg;53.526857;10.019837;Stadtteilschule;Grundschule;fa-building-o;green;4;1;0;0;0;0;8480;Schule auf der Veddel;GMH - Süd;Grundschule;1;174706
5202;Schule Bahrenfelder Straße;Schule Bahrenfelder Straße;Gaußstraße 171, 22765 Hamburg;53.558542;9.926885;Grundschule;Grundschule;fa-building-o;green;4,1;4;;;42441;57641;28588;;;;;
5577;Schule Bandwirkerstraße;Schule Bandwirkerstraße;Bandwirkerstraße 56, 22041 Hamburg;53.576671;10.067148;Grundschule;Grundschule;fa-building-o;green;3,7;3;;;18130;25859;25899;Schule Bandwirkerstraße;Wandsbek-Süd;Grundschule;3;105000
5280;Schule Barlsheide;Schule Barlsheide;Bornheide 2, 22549 Hamburg;53.583164;9.856698;Grundschule;Grundschule;fa-building-o;green;1,3;1;;;7156;16113;12876;;;;;
5130;Schule Beim Pachthof;Schule Beim Pachthof;Beim Pachthof 15, 22111 Hamburg;53.551564;10.082137;Grundschule;Grundschule;fa-building-o;green;3,2;1;;;16424;29449;25424;Schule Beim Pachthof;Hamburg-Mitte;Grundschule;1;65500
5503;Schule Bekassinenau;Schule Bekassinenau;Bekassinenau 32, 22147 Hamburg;53.611906;10.13694;Grundschule;Grundschule;fa-building-o;green;3,8;5;;;30731;14857;12287;;;;;
5515;Schule Bekkamp;Schule Bekkamp;Bekkamp 52, 22045 Hamburg;53.575188;10.142655;Sonderschule;Sonderschule;fa-building-o;green;3,1;0;;;46516;;31554;;;;;
5526;Schule Bergstedt;;Bergstedter Alte Landstraße 12, 22395 Hamburg;53.671962;10.132439;Grundschule;;fa-building-o;green;;;;;;;;;;;;
5174;Schule Bonhoefferstraße;Schule Bonhoefferstraße;Bonhoefferstraße 13, 22117 Hamburg;53.54497;10.136732;Grundschule;Grundschule;fa-building-o;green;2,7;3;;;12271;56246;13618;;;;;
5578;Schule Bovestraße;Schule Bovestraße;Bovestraße 10, 22041 Hamburg;53.571996;10.080291;Grundschule;Grundschule;fa-building-o;green;4,8;5;;;26451;19535;30354;Schule Bovestraße;Wandsbek-Süd;Grundschule;5;60000
5309;Schule Brehmweg;Schule Brehmweg;Brehmweg 62, 22527 Hamburg;53.584798;9.941182;Grundschule;Grundschule;fa-building-o;green;2;2;;;6512;12365;6261;;;;;
5504;Schule Brockdorffstraße;Schule Brockdorffstraße;Brockdorffstraße 64, 22149 Hamburg;53.595968;10.163651;Grundschule;Grundschule;fa-building-o;green;3,9;5;;;12781;14133;8425;;;;;
5529;Schule Buckhorn;Schule Buckhorn;Volksdorfer Damm 74, 22359 Hamburg;53.664645;10.148661;Grundschule;Grundschule;fa-building-o;green;3,1;6;;;31787;39813;22615;;;;;
5332;Schule Burgunderweg;Schule Burgunderweg;Burgunderweg 2, 22453 Hamburg;53.628338;9.96395;Grundschule;Grundschule;fa-building-o;green;3,5;5;;;22231;13079;21243;;;;;
5505;Schule Charlottenburger Straße;Schule Charlottenburger Straße;Charlottenburger Straße 84, 22045 Hamburg;53.586844;10.141767;Grundschule;Grundschule;fa-building-o;green;4,1;1;;;21181;21316;24764;;;;;
5743;Schule Cranz;;Estebogen 3, 21129 Hamburg;53.529856;9.773472;Grundschule;;fa-building-o;green;;;;;;;;;;;;
5634;Schule Curslack-Neuengamme;;Gramkowweg 5, 21039 Hamburg;53.448569;10.219731;Grundschule;;fa-building-o;green;;;;;;;;;;;;
5701;Schule Dempwolffstraße;;Dempwolffstraße 7, 21073 Hamburg;53.458836;9.965013;Grundschule;;fa-building-o;green;;;;;;;;;;;;
5334;Schule Döhrnstraße;;Döhrnstraße 42, 22529 Hamburg;53.595995;9.956046;Grundschule;;fa-building-o;green;;;;;;;;Schule Döhrnstr.;Eimsbüttel;Grundschule;5;278100
5523;Schule Duvenstedter Markt;Schule Duvenstedter Markt;Duvenstedter Markt 12, 22397 Hamburg;53.703318;10.108214;Grundschule;Grundschule;fa-building-o;green;2,5;5;;;22438;39300;20452;;;;;
5464;Schule Eberhofweg;Schule Eberhofweg;Eberhofweg 63, 22415 Hamburg;53.650781;10.013936;Grundschule;Grundschule;fa-building-o;green;4;3;;;18198;18770;27544;Schule Eberhofweg;Hamburg-Nord;Grundschule;3;65500
5305;Schule Eduardstraße;Schule Eduardstraße;Eduardstraße 28, 20257 Hamburg;53.571975;9.947138;Grundschule;Grundschule;fa-building-o;green;4,6;2;;;6941;21248;23495;Schule Eduardstr.;Eimsbüttel;Grundschule;2;88900
5551;Schule Eenstock;Schule Eenstock;Eenstock 15, 22179 Hamburg;53.605332;10.094531;Grundschule;Grundschule;fa-building-o;green;4;3;;;36573;12378;19203;Schule Eenstock;Wandsbek-Süd;Grundschule;3;187000
5722;Schule Elfenwiese;;Elfenwiese 3, 21077 Hamburg;53.439854;9.970486;Sonderschule;;fa-building-o;green;;;;;;;;;;;;
5604;Schule Ernst-Henning-Straße;;Ernst-Henning-Straße 20, 21029 Hamburg;53.484161;10.226782;Grundschule;;fa-building-o;green;;;;;;;;Schule Ernst-Henning-Straße;Bergedorf;Grundschule;4;121550
5533;Schule Eulenkrugstraße;Schule Eulenkrugstraße;Eulenkrugstraße 166, 22359 Hamburg;53.64436;10.183688;Grundschule;Grundschule;fa-building-o;green;2,5;6;;;23390;14753;16303;;;;;
5558;Schule Fahrenkrön;Schule Fahrenkrön;Fahrenkrön 115, 22179 Hamburg;53.616266;10.097775;Grundschule;Grundschule;fa-building-o;green;3,9;5;;;21628;0;22256;;;;;
5404;Schule Forsmannstraße;;Forsmannstraße 32, 22303 Hamburg;53.584468;10.013911;Grundschule;;fa-building-o;green;;;;;;;;;;;;
;;;;;;;;;;;;;;;;;Schule Franzosenkoppel;Altona;Grundschule;3;235000
5614;Schule Friedrich-Frank-Bogen;Schule Friedrich-Frank-Bogen;Friedrich-Frank-Bogen 25, 21033 Hamburg;53.492058;10.178256;Grundschule;Grundschule;fa-building-o;green;3;2;;;7700;14903;14307;Schule Friedrich-Frank-Bogen;Bergedorf;Grundschule;2;54300
5335;Schule Frohmestraße;;Frohmestraße 42, 22457 Hamburg;53.632555;9.920325;Grundschule;;fa-building-o;green;;;;;;;;Schule Frohmestraße;Eimsbüttel;Grundschule;4;150000
5175;Schule Fuchsbergredder;Schule Fuchsbergredder;Dringsheide 10, 22119 Hamburg;53.561538;10.121536;Grundschule;Grundschule;fa-building-o;green;2,9;3;;;45452;25694;;Schule Fuchsbergredder;Hamburg-Mitte;Grundschule;3;245000
5635;Schule Fünfhausen-Warwisch;Schule Fünfhausen-Warwisch;Durchdeich 108, 21037 Hamburg;53.448519;10.133582;Grundschule;Grundschule;fa-building-o;green;3;5;;;10543;24783;13277;;;;;
5265;Schule Furtweg;Schule Furtweg;Furtweg 56, 22523 Hamburg;53.605139;9.899997;Grundschule;Grundschule;fa-building-o;green;3,5;3;;;19247;10156;34024;Schule Furtweg;Eimsbüttel;Grundschule;3;77600
5437;Schule Genslerstraße;Schule Genslerstraße;Ballerstaedtweg 1, 22307 Hamburg;53.611667;10.034489;Grundschule;Grundschule;fa-building-o;green;4,1;2;;;36698;38688;31713;;;;;
5704;Schule Grumbrechtstraße;;Grumbrechtstraße 63, 21075 Hamburg;53.468524;9.955276;Grundschule;;fa-building-o;green;;;;;;;;;;;;
5540;Schule Grützmühlenweg;Schule Grützmühlenweg;Grützmühlenweg 38, 22339 Hamburg;53.64583;10.040549;Grundschule;Grundschule;fa-building-o;green;3,9;4;;;24906;34031;24183;;;;;
5581;Schule Hasselbrook;Schule Hasselbrook;Ritterstraße 44, 22089 Hamburg;53.564476;10.045177;Grundschule;Grundschule;fa-building-o;green;2,2;2;;;23480;18967;10950;;;;;
5333;Schule Heidacker;;Heidacker 13, 22523 Hamburg;53.619831;9.890048;Grundschule;;fa-building-o;green;;;;;;;;;;;;
5530;Schule Hinsbleek;Schule Hinsbleek;Hinsbleek 14, 22391 Hamburg;53.650404;10.07398;Grundschule;Grundschule;fa-building-o;green;2,6;5;;;14110;30282;39636;;;;;
5336;Schule Hinter der Lieth;Schule Hinter der Lieth;Hinter der Lieth 61, 22529 Hamburg;53.60323;9.945369;Grundschule;Grundschule;fa-building-o;green;2,9;5;;;7318;17974;7753;;;;;
5219;Schule Hirtenweg;Schule Hirtenweg;Holmbrook 10, 22605 Hamburg;53.55188;9.900276;Sonderschule;Sonderschule;fa-building-o;green;3,5;0;;;41805;50607;42190;;;;;
5106;Schule Hohe Landwehr;Schule Hohe Landwehr;Hohe Landwehr 19, 20535 Hamburg;53.557559;10.041138;Grundschule;Grundschule;fa-building-o;green;4,9;2;;;12646;14981;19801;;;;;
5405;Schule Humboldtstraße;Schule Humboldtstraße;Humboldtstraße 30, 22083 Hamburg;53.57346;10.027026;Grundschule;Grundschule;fa-building-o;green;4,5;5;;;7126;16530;7612;;;;;
5706;Schule In der Alten Forst;;In der Alten Forst 1, 21077 Hamburg;53.449069;9.93533;Grundschule;;fa-building-o;green;;;;;;;;;;;;
5234;Schule Iserbarg;Schule Iserbarg;Iserbarg 2, 22559 Hamburg;53.57503;9.760988;Grundschule;Grundschule;fa-building-o;green;3,3;5;;;13633;13158;22182;;;;;
5238;Schule Iserbrook;;Musäusstraße 29, 22589 Hamburg;53.580445;9.812345;Grundschule;;fa-building-o;green;;;;;;;;Schule Iserbrook;Altona;Grundschule;5;199000
5594;Schule Jenfelder Straße;Schule Jenfelder Straße;Jenfelder Straße 252, 22045 Hamburg;53.576143;10.132927;Grundschule;Grundschule;fa-building-o;green;2,9;1;;;23979;31072;22119;;;;;
5507;Schule Kamminer Straße;Schule Kamminer Straße;Kamminer Straße 4, 22147 Hamburg;53.61829;10.141331;Grundschule;Grundschule;fa-building-o;green;5,2;3;;;33163;23344;35601;;;;;
5708;Schule Kapellenweg;;Kapellenweg 63, 21077 Hamburg;53.445538;9.988124;Grundschule;;fa-building-o;green;;;;;;;;;;;;
5710;Schule Kerschensteinerstraße;;Kerschensteinerstraße 16, 21073 Hamburg;53.461707;9.973429;Grundschule;;fa-building-o;green;;;;;;;;;;;;
5245;Schule Kielkamp;Schule Kielkamp;Kielkamp 16, 22761 Hamburg;53.573351;9.899402;Sonderschule;Sonderschule;fa-building-o;green;3,9;0;;;15533;18820;23199;Schule Kielkamp;Altona;Förderschule;0;70000
5308;Schule Kielortallee;;Bundesstraße 94, 20144 Hamburg;53.574695;9.979121;Grundschule;;fa-building-o;green;;;;;;;;;;;;
5209;Schule Klein Flottbeker Weg;Schule Klein Flottbeker Weg;Klein Flottbeker Weg 64, 22605 Hamburg;53.553344;9.883931;Grundschule;Grundschule;fa-building-o;green;1,1;6;;;;;12796;;;;;
5409;Schule Knauerstraße;;Knauerstraße 22, 20249 Hamburg;53.590139;9.990382;Grundschule;;fa-building-o;green;;;;;;;;Schule Knauerstraße;Hamburg-Nord;Grundschule;6;89000
5469;Schule Krohnstieg;Schule Krohnstieg;Krohnstieg 107, 22415 Hamburg;53.647912;10.000299;Grundschule;Grundschule;fa-building-o;green;5;4;;;26205;23002;38203;Schule Krohnstieg;Hamburg-Nord;Grundschule;4;149300
5278;Schule Kroonhorst;Schule Kroonhorst;Kroonhorst 25, 22549 Hamburg;53.588594;9.846499;Grundschule;Grundschule;fa-building-o;green;2;1;;;21616;30764;18680;Schule Kroonhorst;Altona;Grundschule;1;153000
5439;Schule Lämmersieth;Schule Lämmersieth;Lämmersieth 72, 22305 Hamburg;53.588096;10.060373;Grundschule;Grundschule;fa-building-o;green;4;1;;;52164;40392;19574;;;;;
5267;Schule Langbargheide;Schule Langbargheide;Langbargheide 40, 22547 Hamburg;53.59633;9.88961;Grundschule;Grundschule;fa-building-o;green;4,1;1;;;32859;52214;42185;Schule Langbargheide;Altona;Grundschule;1;260000
5235;Schule Lehmkuhlenweg;Schule Lehmkuhlenweg;Lehmkuhlenweg 19, 22589 Hamburg;53.584986;9.790668;Grundschule;Grundschule;fa-building-o;green;2;6;;;25034;36792;23963;;;;;
5535;Schule Lemsahl-Mellingstedt;Schule Lemsahl-Mellingstedt;Redderbarg 46, 22397 Hamburg;53.681422;10.103497;Grundschule;Grundschule;fa-building-o;green;3;6;;;16017;19468;12060;;;;;
5605;Schule Leuschnerstraße;Schule Leuschnerstraße;Leuschnerstraße 13, 21031 Hamburg;53.49608;10.20698;Grundschule;Grundschule;fa-building-o;green;4,6;3;;;20495;26492;;;;;;
5346;Schule Lokstedter Damm;Schule Lokstedter Damm;Lokstedter Damm 38, 22453 Hamburg;53.607202;9.971772;Sonderschule;Sonderschule;fa-building-o;green;2,6;0;;;39892;32467;27580;Schule Lokstedter Damm;Hamburg-Nord;Förderschule;0;189000
5310;Schule Lutterothstraße;;Lutterothstraße 34, 20255 Hamburg;53.580956;9.953304;Grundschule;;fa-building-o;green;;;;;;;;Schule Lutterothstraße;Eimsbüttel;Grundschule;4;64000
5121;Schule Marckmannstraße;Schule Marckmannstraße;Marckmannstraße 60, 20539 Hamburg;53.535523;10.039775;Sonderschule;Sonderschule;fa-building-o;green;3,7;0;;;26516;22521;26254;;;;;
5703;Schule Maretstraße;;Maretstraße 50, 21073 Hamburg;53.453706;9.982173;Stadtteilschule;;fa-building-o;green;;;;;;;;;;;;
5713;Schule Marmstorf;;Ernst-Bergeest-Weg 54, 21077 Hamburg;53.438472;9.963522;Grundschule;;fa-building-o;green;;;;;;;;;;;;
5236;Schule Marschweg;Schule Marschweg;Marschweg 10, 22559 Hamburg;53.584595;9.761606;Grundschule;Grundschule;fa-building-o;green;2,8;6;;;23810;49321;26772;;;;;
5607;Schule Max-Eichholz-Ring;Schule Max-Eichholz-Ring;Max-Eichholz-Ring 25, 21031 Hamburg;53.506608;10.216842;Grundschule;Grundschule;fa-building-o;green;3,9;4;;;9147;30322;12600;;;;;
5237;Schule Mendelssohnstraße;Schule Mendelssohnstraße;Mendelssohnstraße 86, 22761 Hamburg;53.563704;9.905849;Grundschule;Grundschule;fa-building-o;green;2,9;2;;;42467;39246;40152;;;;;
5630;Schule Mittlerer Landweg;Schule Mittlerer Landweg;Mittlerer Landweg 48, 21033 Hamburg;53.498522;10.132803;Grundschule;Grundschule;fa-building-o;green;3,4;5;;;;7425;6721;;;;;
5339;Schule Molkenbuhrstraße;Schule Molkenbuhrstraße;Molkenbuhrstraße 2, 22525 Hamburg;53.589222;9.925685;Grundschule;Grundschule;fa-building-o;green;3,7;3;;;25377;16214;28420;Schule Molkenbuhrstraße;Eimsbüttel;Grundschule;3;383500
5347;Schule Moorflagen;Schule Moorflagen;Wagrierweg 18, 22455 Hamburg;53.641941;9.944246;Grundschule;Grundschule;fa-building-o;green;4;4;;;8159;16098;12485;;;;;
5537;Schule Müssenredder;Schule Müssenredder;Müssenredder 61, 22399 Hamburg;53.654962;10.066364;Grundschule;Grundschule;fa-building-o;green;3;5;;;26747;11199;19194;Schule Müssenredder;Wandsbek-Süd;Grundschule;4;75000
5610;Schule Nettelnburg;Schule Nettelnburg;Fiddigshagen 11, 21035 Hamburg;53.480334;10.195053;Grundschule;Grundschule;fa-building-o;green;3,8;4;;;14702;21350;31741;Schule Nettelnburg;Bergedorf;Grundschule;4;60300
5472;Schule Neubergerweg;Schule Neubergerweg;Neubergerweg 2, 22419 Hamburg;53.667588;10.002786;Grundschule;Grundschule;fa-building-o;green;4;3;;;20597;22993;18827;Schule Neubergerweg;Wandsbek-Süd;Grundschule;3;59000
5714;Schule Neuland;;Neuländer Elbdeich 241, 21079 Hamburg;53.468637;10.03751;Grundschule;;fa-building-o;green;;;;;;;;;;;;
5723;Schule Nymphenweg;;Hausbrucher Bahnhofstraße 19, 21077 Hamburg;53.474398;9.893733;Sonderschule;;fa-building-o;green;;;;;;;;;;;;
5644;Schule Ochsenwerder;Schule Ochsenwerder;Elversweg 44, 21037 Hamburg;53.471909;10.073588;Grundschule;Grundschule;fa-building-o;green;2,7;5;;;25806;14413;17262;;;;;
5473;Schule Ohkamp;Schule Ohkamp;Ohkampring 13, 22339 Hamburg;53.637005;10.022017;Grundschule;Grundschule;fa-building-o;green;3,6;5;;;19287;12864;17728;;;;;
5768;Schule Ohrnsweg;;Ohrnsweg 52, 21149 Hamburg;53.471494;9.817175;Grundschule;;fa-building-o;green;;;;;;;;;;;;
5586;Schule Öjendorfer Damm;;Öjendorfer Damm 8, 22043 Hamburg;53.568011;10.135676;Grundschule;;fa-building-o;green;;;;;;;;;;;;
5592;Schule Oppelner Straße;Schule Oppelner Straße;Oppelner Straße 45, 22045 Hamburg;53.573179;10.14442;Grundschule;Grundschule;fa-building-o;green;4,5;1;;;19744;17938;58711;Schule Oppelner Straße;Wandsbek-Süd;Grundschule;5;104000
;;;;;;;;;;;;;;;;;Schule Osterbrook;Hamburg-Mitte;Grundschule;1;54800
5447;Schule Paracelsusstraße;Schule Paracelsusstraße;Paracelsusstraße 30, 22147 Hamburg;53.597654;10.136442;Sonderschule;Sonderschule;fa-building-o;green;3;0;;;24240;19989;20290;;;;;
5510;Schule Potsdamer Straße;Schule Potsdamer Straße;Potsdamer Straße 6, 22149 Hamburg;53.58408;10.150715;Grundschule;Grundschule;fa-building-o;green;3,3;1;;;15127;9845;17299;;;;;
5544;Schule Rahlstedter Höhe;Schule Rahlstedter Höhe;Ahrenshooper Straße 1, 22147 Hamburg;53.600364;10.132015;Grundschule;Grundschule;fa-building-o;green;2,5;3;;;25718;26801;32691;;;;;
5480;Schule Ratsmühlendamm;Schule Ratsmühlendamm;Ratsmühlendamm 39, 22335 Hamburg;53.626234;10.020957;Grundschule;Grundschule;fa-building-o;green;3,5;4;;;20702;15271;16736;;;;;
5534;Schule Redder;Schule Redder;Redder 4, 22393 Hamburg;53.651331;10.109241;Grundschule;Grundschule;fa-building-o;green;2,7;6;;;34525;16026;29754;;;;;
5312;Schule Rellinger Straße;Schule Rellinger Straße;Rellinger Straße 13, 20257 Hamburg;53.57414;9.942389;Grundschule;Grundschule;fa-building-o;green;4,2;5;;;25937;21107;25584;;;;;
5588;Schule Richardstraße;;Richardstraße 85, 22089 Hamburg;53.568004;10.039956;Grundschule;;fa-building-o;green;;;;;;;;;;;;
5707;Schule Rönneburg;;Kanzlerstraße 25, 21079 Hamburg;53.439055;10.00758;Grundschule;;fa-building-o;green;;;;;;;;;;;;
5328;Schule Rönnkamp;Schule Rönnkamp;Rönnkamp 3, 22457 Hamburg;53.646856;9.920023;Grundschule;Grundschule;fa-building-o;green;2;5;;;14672;13880;16495;;;;;
5761;Schule Rotenhäuser Damm;;Rotenhäuser Damm 45, 21107 Hamburg;53.511335;9.991511;Grundschule;;fa-building-o;green;;;;;;;;;;;;
5211;Schule Rothestraße;Schule Rothestraße;Rothestraße 22, 22765 Hamburg;53.548568;9.928908;Grundschule;Grundschule;fa-building-o;green;1,7;5;;;35055;35160;30744;Schule Rothestraße;Wandsbek-Süd;Grundschule;5;104500
5349;Schule Röthmoorweg;Schule Röthmoorweg;Röthmoorweg 9, 22459 Hamburg;53.627136;9.924784;Grundschule;Grundschule;fa-building-o;green;3,5;2;;;11807;20515;38166;Schule Röthmoorweg;Eimsbüttel;Grundschule;2;202800
5274;Schule Rungwisch;Schule Rungwisch;Rungwisch 23, 22523 Hamburg;53.61131;9.911209;Grundschule;Grundschule;fa-building-o;green;3;3;;;;10047;13845;Schule Rungwisch;Eimsbüttel;Grundschule;3;178000
;;Schule Sachsenweg;;;;;Grundschule;;;2;5;;;87769;79272;;Schule Sachsenweg;Eimsbüttel;Grundschule;5;186000
5602;Schule Sander Straße;Schule Sander Straße;Sander Straße 11, 21029 Hamburg;53.49532;10.217435;Grundschule;Grundschule;fa-building-o;green;4,1;3;;;13497;14938;11533;;;;;
5718;Schule Scheeßeler Kehre;;Scheeßeler Kehre 2, 21079 Hamburg;53.426707;9.987142;Grundschule;;fa-building-o;green;;;;;;;;;;;;
5240;Schule Schenefelder Landstraße;Schule Schenefelder Landstraße;Schenefelder Landstraße 206, 22589 Hamburg;53.577725;9.824234;Grundschule;Grundschule;fa-building-o;green;2;4;;;46073;12215;13964;Schule Schenefelder Landstraße;Altona;Grundschule;4;815000
5762;Schule Schnuckendrift;;Schnuckendrift 21, 21149 Hamburg;53.467194;9.838566;Grundschule;;fa-building-o;green;;;;;;;;;;;;
5243;Schule Schulkamp;Schule Schulkamp;Schulkamp 1, 22609 Hamburg;53.553106;9.847219;Grundschule;Grundschule;fa-building-o;green;3;6;;;30547;18856;14186;;;;;
5342;Schule Sethweg;Schule Sethweg;Sethweg 56, 22455 Hamburg;53.633267;9.943231;Grundschule;Grundschule;fa-building-o;green;2,9;5;;;24991;20729;21083;Schule Sethweg;Eimsbüttel;Grundschule;5;215200
5169;Schule Speckenreye;Schule Speckenreye;Speckenreye 11, 22119 Hamburg;53.554455;10.095461;Grundschule;Grundschule;fa-building-o;green;3;2;;;19312;19986;21261;Schule Speckenreye;Hamburg-Mitte;Grundschule;2;92500
5171;Schule Stengelestraße;Schule Stengelestraße;Hermannstal 82, 22111 Hamburg;53.550884;10.094971;Grundschule;Grundschule;fa-building-o;green;4,1;1;;;21515;53986;42900;;;;;
5173;Schule Sterntalerstraße;Schule Sterntalerstraße;Sterntalerstraße 42, 22119 Hamburg;53.560032;10.112743;Grundschule;Grundschule;fa-building-o;green;2;1;;;15110;11893;17408;;;;;
5476;Schule Stockflethweg;Schule Stockflethweg;Stockflethweg 160, 22417 Hamburg;53.679417;10.018655;Grundschule;Grundschule;fa-building-o;green;3,5;4;;;29555;29240;19400;Schule Stockflethweg;Hamburg-Nord;Grundschule;4;158065
5541;Schule Strenge;Schule Strenge;Strenge 5, 22391 Hamburg;53.637098;10.078586;Grundschule;Grundschule;fa-building-o;green;3,5;6;;;27717;28238;23169;;;;;
5565;Schule Surenland;Schule Surenland;Bramfelder Weg 121, 22159 Hamburg;53.614164;10.106627;Grundschule;Grundschule;fa-building-o;green;3,4;3;;;25400;0;28531;Schule Surenland;Wandsbek-Süd;Grundschule;3;109000
5419;Schule Tegelweg;Schule Tegelweg;Turnierstieg 16, 22159 Hamburg;53.600861;10.095317;Sonderschule;Sonderschule;fa-building-o;green;4,8;0;;;30575;0;36952;Schule Tegelweg;Wandsbek-Süd;Grundschule;5;139300
5315;Schule Tornquiststraße;Schule Tornquiststraße;Tornquiststraße 60, 20259 Hamburg;53.573549;9.95349;Grundschule;Grundschule;fa-building-o;green;2,6;5;;;29123;19244;23952;Schule Tornquiststr.;Eimsbüttel;Grundschule;5;100800
5550;Schule Traberweg;Schule Traberweg;Eckerkoppel 125, 22159 Hamburg;53.597263;10.101421;Grundschule;Grundschule;fa-building-o;green;3,5;4;;;12127;;17466;;;;;
5217;Schule Trenknerweg;Schule Trenknerweg;Trenknerweg 136, 22605 Hamburg;53.548381;9.910484;Grundschule;Grundschule;fa-building-o;green;3,4;5;;;19744;21313;10910;;;;;
5316;Schule Turmweg;Schule Turmweg;Turmweg 33, 20148 Hamburg;53.571372;9.991885;Grundschule;Grundschule;fa-building-o;green;2,8;6;;;26023;15336;26816;Schule Turmweg;Eimsbüttel;Grundschule;6;101600
5344;Schule Vizelinstraße;Schule Vizelinstraße;Vizelinstraße 50, 22529 Hamburg;53.588628;9.950638;Grundschule;Grundschule;fa-building-o;green;1,8;1;;;10812;12668;15749;;;;;
5345;Schule Wegenkamp;Schule Wegenkamp;Wegenkamp 9, 22527 Hamburg;53.602844;9.924162;Grundschule;Grundschule;fa-building-o;green;3,4;3;;;15963;19564;48450;Schule Wegenkamp;Eimsbüttel;Grundschule;3;235000
5613;Schule Weidemoor;Schule Weidemoor;Weidemoor 1, 21033 Hamburg;53.512588;10.160052;Sonderschule;Sonderschule;fa-building-o;green;2,9;0;;;15530;21531;23633;Schule Weidemoor;Bergedorf;Förderschule;0;112450
5277;Schule Wesperloh;Schule Wesperloh;Wesperloh 19, 22549 Hamburg;53.575808;9.862337;Grundschule;Grundschule;fa-building-o;green;4,6;4;;;5996;13096;17976;;;;;
5591;Schule Wielandstraße;Schule Wielandstraße;Wielandstraße 9, 22089 Hamburg;53.569992;10.054226;Grundschule;Grundschule;fa-building-o;green;2,9;4;;;24182;17023;8094;;;;;
5542;Schule Wildschwanbrook;Schule Wildschwanbrook;Wildschwanbrook 9, 22145 Hamburg;53.627634;10.17108;Grundschule;Grundschule;fa-building-o;green;4,3;3;;;19655;19459;22685;;;;;
5244;Schule Windmühlenweg;Schule Windmühlenweg;Windmühlenweg 17, 22607 Hamburg;53.566878;9.870938;Grundschule;Grundschule;fa-building-o;green;3,4;6;;;31709;21219;21409;;;;;
5648;Schule Zollenspieker;Schule Zollenspieker;Kirchenheerweg 223, 21037 Hamburg;53.400947;10.183876;Grundschule;Grundschule;fa-building-o;green;2,3;5;;;5075;10170;20746;Schule Zollenspieker;Bergedorf;Grundschule;5;80000
;;Sinstorf;;;;;Grundschule;;;5,2;0;0;0;6358;25889;0;;;;;
;;;;;;;;;;;;;;;;;SO Hirtenweg;Altona;Förderschule;0;327000
;;;;;;;;;;;;;;;;;SO Kielkoppelstraße;Wandsbek-Nord;Stadtteilschule;2;193000
;;;;;;;;;;;;;;;;;SO Sieker Landstraße;Wandsbek-Nord;Förderschule;0;110000
3220;Sophie-Barat-Schule;;Warburgstraße 39, 20354 Hamburg;53.561991;9.995477;Gymnasium;;fa-building-o;green;;;;;;;;;;;;
;;;;;;;;;;;;;;;;;Sprachheilschule Reinbeker Redder;Bergedorf;Förderschule;0;77300
;;Sprachheilschule Wilhelmsburg;;;;;Förderschule;;;0;0;9384;0;0;0;0;;;;;
;;;;;;;;;;;;;;;;;Staatliche Berufsschule Eidelstedt (Berufsbildungswerk);Wandsbek-Süd;Stadtteilschule;3;62000
;;Staatliche Fachschule für Sozialpädagogik Altona (FSP II );;;;;Berufsschule;;;2,6;0;;;;17219;27711;;;;;
;;Staatliche Fremdsprachenschule (H 15);;;;;Berufsschule;;;2,4;0;;;20026;19949;23299;;;;;
;;Staatliche Gewerbeschule Bautechnik (G 16);;;;;Berufsschule;;;3,9;0;;;66490;93074;78465;;;;;
;;Staatliche Gewerbeschule Chemie, Pharmazie, Agrarwirtschaft (G 13);;;;;Berufsschule;;;3,9;0;;;42540;37574;48420;;;;;
;;Staatliche Gewerbeschule Ernährung und Hauswirtschaft (G 3);;;;;Berufsschule;;;4;0;;;111990;104391;114543;;;;;
;;Staatliche Gewerbeschule Informations- und Elektrotechnik, Chemie- und Automatisierungstechnik (G18);;;;;Berufsschule;;;3,6;0;;;61904;120204;100937;;;;;
;;Staatliche Gewerbeschule Stahl- und Maschinenbau (G 1);;;;;Berufsschule;;;3,5;0;;;54187;62012;56696;;;;;
;;Staatliche Gewerbeschule Verkehrstechnik, Arbeitstechnik, Ernährung (G 20);;;;;Berufsschule;;;4;0;;;118698;61201;38794;;;;;
;;Staatliche Gewerbeschule Werft und Hafen (G 7);;;;;Berufsschule;;;4;0;;;68539;58029;43281;Staatliche Gewerbeschule Werft und Hafen (G 7);Wandsbek-Süd;Berufsschule;0;126000
;;Staatliche Handelsschule Altona (H 6);;;;;Berufsschule;;;3;0;;;68454;32771;24749;Staatliche Handelsschule Altona (H 6);Wandsbek-Süd;Grundschule;4;145000
;;Staatliche Handelsschule Berliner Tor (H 18);;;;;Berufsschule;;;3,1;0;;;22469;18805;39456;;;;;
;;Staatliche Handelsschule Holstenwall (H 14);;;;;Berufsschule;;;2;0;;;29198;28339;20148;;;;;
;;;;;;;;;;;;;;;;;Staatliche Handelsschule mit Wirtschaftsgymnasium Schlankreye (H 3);Wandsbek-Süd;Berufsschule;0;190100
;;Staatliche Handelsschule mit Wirtschaftsgymnasium Weidenstieg (H 5);;;;;Berufsschule;;;4,7;0;;;;7711;25277;;;;;
;;Staatliche Schule Gesundheitspflege (W 1);;;;;Berufsschule;;;3,7;0;;;20725;19279;11368;;;;;
;;Staatliche Schule Gesundheitspflege (W 4);;;;;Berufsschule;;;4;0;;;43280;17893;22956;;;;;
;;Staatliche Schule Sozialpädagogik Harburg (W 5);;;;;Berufsschule;;;4;0;;;18167;19375;5674;;;;;
5056;Stadtteilschule Alter Teichweg;Stadtteilschule Alter Teichweg;Alter Teichweg 200, 22049 Hamburg;53.587514;10.069987;Stadtteilschule;Stadtteilschule;fa-building-o;green;4,1;2;;;180884;126773;103826;StS Alter Teichweg;Hamburg-Nord;Stadtteilschule;2;437362
5650;Stadtteilschule Altrahlstedt;Stadtteilschule Altrahlstedt;Kielkoppelstraße 16 d, 22149 Hamburg;53.587823;10.16932;Stadtteilschule;Stadtteilschule;fa-building-o;green;3,1;2;;;43820;40245;64511;;;;;
5667;Stadtteilschule Am Hafen;Stadtteilschule Am Hafen;Struenseestraße 20, 20355 Hamburg;53.54791;9.947586;Stadtteilschule;Stadtteilschule;fa-building-o;green;3,4;1;;;100820;117968;123861;STS Am Hafen;Hamburg-Mitte;Stadtteilschule;1;56000
5049;Stadtteilschule Am Heidberg;Stadtteilschule Am Heidberg;Tangstedter Landstraße 300, 22417 Hamburg;53.670945;10.028731;Stadtteilschule;Stadtteilschule;fa-building-o;green;2,9;4;;;18474;30881;;;;;;
5081;Stadtteilschule Bahrenfeld;;Regerstraße 21, 22761 Hamburg;53.568163;9.908377;Stadtteilschule;;fa-building-o;green;;;;;;;;STS Bahrenfeld;Altona;Stadtteilschule;3;75000
5662;Stadtteilschule Barmbek;Stadtteilschule Barmbek;Tieloh 28, 22049 Hamburg;53.592879;10.051575;Stadtteilschule;Stadtteilschule;fa-building-o;green;4,2;2;;;28763;75109;76345;STS Barmbek;Hamburg-Nord;Stadtteilschule;2;166000
5061;Stadtteilschule Bergedorf;Stadtteilschule Bergedorf;Ladenbeker Weg 13, 21033 Hamburg;53.492832;10.187098;Stadtteilschule;Stadtteilschule;fa-building-o;green;3,3;4;;;36066;20555;26961;Stadtteilschule Bergedorf;Bergedorf;Stadtteilschule;4;271935
5048;Stadtteilschule Bergstedt;Stadtteilschule Bergstedt;Volksdorfer Damm 218, 22395 Hamburg;53.671707;10.137188;Stadtteilschule;Stadtteilschule;fa-building-o;green;2;5;;;39946;27032;39589;STS Bergstedt;Wandsbek-Nord;Stadtteilschule;5;68000
5077;Stadtteilschule Blankenese;Stadtteilschule Blankenese;Frahmstraße 15, 22587 Hamburg;53.563791;9.822318;Stadtteilschule;Stadtteilschule;fa-building-o;green;3,2;5;;;80779;106649;102589;Stadtteilschule Blankenese;Altona;Stadtteilschule;5;193000
5656;Stadtteilschule Bramfeld;Stadtteilschule Bramfeld;Hegholt 44, 22179 Hamburg;53.605936;10.081316;Stadtteilschule;Stadtteilschule;fa-building-o;green;4,1;3;;;;0;50333;;;;;
5651;Stadtteilschule Ehestorfer Weg;Stadtteilschule Ehestorfer Weg;Ehestorfer Weg 14, 21075 Hamburg;53.455744;9.951632;Stadtteilschule;Stadtteilschule;fa-building-o;green;2,2;2;5970;7196;0;0;5278;STS Ehestorfer Weg;GMH - Süd;Stadtteilschule;2;50200
5083;Stadtteilschule Eidelstedt;Stadtteilschule Eidelstedt;Niekampsweg 25, 22523 Hamburg;53.608656;9.896823;Stadtteilschule;Stadtteilschule;fa-building-o;green;3,4;2;;;25776;44009;39125;Stadtteilschule Eidelstedt;Eimsbüttel;Stadtteilschule;2;78350
5090;Stadtteilschule Eppendorf;Stadtteilschule Eppendorf;Löwenstraße 58, 20251 Hamburg;53.587233;9.973802;Stadtteilschule;Stadtteilschule;fa-building-o;green;3,4;4;;;45126;47308;27197;STS Eppendorf;Hamburg-Nord;Stadtteilschule;4;431300
5080;Stadtteilschule Finkenwerder;Stadtteilschule Finkenwerder;Norderschulweg 14, 21129 Hamburg;53.532133;9.875982;Stadtteilschule;Stadtteilschule;fa-building-o;green;2;3;0;5470;0;0;22831;STS Finkenwerder;GMH - Süd;Stadtteilschule;3;132000
5669;Stadtteilschule Fischbek/Falkenberg;Stadtteilschule Fischbek/Falkenberg;Heidrand 5, 21149 Hamburg;53.46497;9.862042;Stadtteilschule;Grundschule / Stadtteilschule;fa-building-o;green;3,3;4;0;12804;0;0;0;;;;;
5659;Stadtteilschule Flottbek;Stadtteilschule Flottbek;Goosacker 41, 22549 Hamburg;53.570968;9.849501;Stadtteilschule;Stadtteilschule;fa-building-o;green;3,4;3;;;;;31307;Stadtteilschule Flottbek;Wandsbek-Süd;Stadtteilschule;3;164500
5663;Stadtteilschule Hamburg-Mitte;Stadtteilschule Hamburg-Mitte;Griesstraße 101, 20099 Hamburg;53.564459;10.061234;Stadtteilschule;Stadtteilschule;fa-building-o;green;2,9;2;;;25815;22336;34033;STS HH Mitte;Hamburg-Mitte;Stadtteilschule;2;71500
;;Stadtteilschule Harburg;;;;;Stadtteilschule;;;3,5;4;5322;49006;0;0;0;;;;;
5043;Stadtteilschule Helmuth Hübener;Stadtteilschule Helmuth Hübener;Langenfort 68, 22307 Hamburg;53.599413;10.048417;Stadtteilschule;Stadtteilschule;fa-building-o;green;2,6;2;;;50193;69890;37222;;;;;
5063;Stadtteilschule Horn;Stadtteilschule Horn;Horner Weg 89, 22111 Hamburg;53.555403;10.069951;Stadtteilschule;Stadtteilschule;fa-building-o;green;2,9;2;;;23010;21462;22573;STS Horn;Hamburg-Mitte;Stadtteilschule;2;107000
5087;Stadtteilschule Kirchwerder;Stadtteilschule Kirchwerder;Kirchwerder Hausdeich 341, 21037 Hamburg;53.419911;10.202118;Stadtteilschule;Grund-/Stadtteilschule;fa-building-o;green;4,3;4;;;18206;14175;52376;STS Kirchwerder;Bergedorf;Grundschule / Stadtteilschule;4;77650
5094;Stadtteilschule Lohbrügge;Stadtteilschule Lohbrügge;Binnenfeldredder 7, 21031 Hamburg;53.503794;10.207916;Stadtteilschule;Stadtteilschule;fa-building-o;green;3,6;3;;;61941;45785;47439;Stadtteilschule Lohbrügge;Bergedorf;Stadtteilschule;3;95300
5661;Stadtteilschule Lurup;Stadtteilschule Lurup;Veermoor 4, 22547 Hamburg;53.606741;9.874372;Stadtteilschule;Stadtteilschule;fa-building-o;green;3,9;2;;;90450;79290;72830;;;;;
;;Stadtteilschule Max Schmeling;;;;;Stadtteilschule;;;2,6;2;;;38913;48948;41248;;;;;
5098;Stadtteilschule Meiendorf;Stadtteilschule Meiendorf;Deepenhorn 1, 22145 Hamburg;53.629096;10.164427;Stadtteilschule;Stadtteilschule;fa-building-o;green;3,5;4;;;25127;22064;19806;STS Meiendorf;Wandsbek-Nord;Stadtteilschule;4;95000
5057;Stadtteilschule Mümmelmannsberg;Stadtteilschule Mümmelmannsberg;Mümmelmannsberg 75, 22115 Hamburg;53.52989;10.148621;Stadtteilschule;Stadtteilschule;fa-building-o;green;4;1;;;149186;198467;158029;STS Mümmelmannsberg;Hamburg-Mitte;Stadtteilschule;1;340000
5665;Stadtteilschule Niendorf;Stadtteilschule Niendorf;Sachsenweg 74, 22455 Hamburg;53.641946;9.96027;Stadtteilschule;Stadtteilschule;fa-building-o;green;3;5;;;28542;33627;19175;STS Niendorf;Eimsbüttel;Stadtteilschule;5;170000
5089;Stadtteilschule Öjendorf;Stadtteilschule Öjendorf;Pergamentweg 1, 22117 Hamburg;53.541154;10.12098;Stadtteilschule;Stadtteilschule;fa-building-o;green;3,1;1;;;46384;9623;20580;;;;;
5660;Stadtteilschule Oldenfelde;Stadtteilschule Oldenfelde;Delingsdorfer Weg 6, 22143 Hamburg;53.612642;10.15806;Stadtteilschule;Stadtteilschule;fa-building-o;green;3,7;3;;;26763;31418;36506;;;;;
5079;Stadtteilschule Poppenbüttel;Stadtteilschule Poppenbüttel;Poppenbüttler Stieg 7, 22399 Hamburg;53.64515;10.05067;Stadtteilschule;Stadtteilschule;fa-building-o;green;2,7;5;;;110536;144457;42030;STS Poppenbüttel;Wandsbek-Nord;Stadtteilschule;5;170000
5657;Stadtteilschule Richard-Linde-Weg;Stadtteilschule Richard-Linde-Weg;Richard-Linde-Weg 49, 21033 Hamburg;53.500786;10.188463;Stadtteilschule;Stadtteilschule;fa-building-o;green;4,3;2;;;6533;17919;31309;STS Richard-Linde-Weg;Bergedorf;Stadtteilschule;2;98150
5649;Stadtteilschule Rissen;;Voßhagen 15, 22559 Hamburg;53.580404;9.752433;Stadtteilschule;;fa-building-o;green;;;;;;;;Stadtteilschule Richard-Linde-Weg;Wandsbek-Süd;Stadtteilschule;2;100500
7801;Stadtteilschule St. Georg;;Rostocker Straße 62, 20099 Hamburg;53.5577;10.016922;Stadtteilschule;;fa-building-o;green;;;;;;;;;;;;
5655;Stadtteilschule Stellingen;Stadtteilschule Stellingen;Sportplatzring 73, 22527 Hamburg;53.594201;9.930022;Stadtteilschule;Stadtteilschule;fa-building-o;green;2,4;3;;;54598;71372;95342;StS Stellingen;Eimsbüttel;Stadtteilschule;3;185800
5658;Stadtteilschule Stübenhofer Weg;;Stübenhofer Weg 20, 21109 Hamburg;53.483074;10.014632;Stadtteilschule;;fa-building-o;green;;;;;;;;;;;;
5093;Stadtteilschule Süderelbe;;Neumoorstück 1, 21147 Hamburg;53.477901;9.867307;Stadtteilschule;;fa-building-o;green;;;;;;;;STS Süderelbe;GMH - Süd;Stadtteilschule;2;108500
5085;Stadtteilschule Walddörfer;Stadtteilschule Walddörfer;Vörn Barkholt 6, 22359 Hamburg;53.652119;10.166554;Stadtteilschule;Stadtteilschule;fa-building-o;green;3,6;5;;;60018;89321;26214;STS Walddörfer;Wandsbek-Nord;Stadtteilschule;5;93000
5095;Stadtteilschule Wilhelmsburg;;Perlstieg 1, 21107 Hamburg;53.50428;9.993633;Stadtteilschule;;fa-building-o;green;;;;;;;;STS Wilhelmsburg;GMH - Süd;Stadtteilschule;1;141000
5088;Stadtteilschule Winterhude;Stadtteilschule Winterhude;Meerweinstraße 26, 22303 Hamburg;53.586985;10.026975;Stadtteilschule;Stadtteilschule;fa-building-o;green;2,8;5;;;46590;37653;59125;STS Winterhude;Hamburg-Nord;Stadtteilschule;5;105857
;;STS Nelson-Mandela + STS Kirchdorf;;;;;Stadtteilschule;;;2,3;1;0;0;5355;5755;12630;;;;;
;;STS Süderelbe;;;;;Stadtteilschule;;;3,7;0;23052;17616;20972;0;17168;;;;;
;;STS Wilhelmsburg - Perlstieg + Rotenhäuser;;;;;Stadtteilschule;;;3,4;1;10194;5645;0;0;0;;;;;
;;;;;;;;;;;;;;;;;STS Altona / Kurt-Tucholsky-Schule;Altona;Stadtteilschule;2;77500
;;;;;;;;;;;;;;;;;STS Göthe-Schule-Harburg;GMH - Süd;Stadtteilschule;4;69000
;;;;;;;;;;;;;;;;;STS Hamburg-Mitte/Abendschule St.Georg;Hamburg-Mitte;Stadtteilschule;2;452500
;;;;;;;;;;;;;;;;;STS Kirchdorf;GMH - Süd;Stadtteilschule;1;160500
;;;;;;;;;;;;;;;;;STS Walddörfer Vörn Barkholt;Wandsbek-Nord;Stadtteilschule;5;75000
;;;;;;;;;;;;;;;;;STS-Lurup;Altona;Stadtteilschule;2;55000
;;;;;;;;;;;;;;;;;STS-Lurup, GS;Altona;Stadtteilschule;2;93000
;;Stübenhofer Weg;;;;;Stadtteilschule;;;2,4;2;5046;7627;5571;11582;33822;Stübenhofer Weg;GMH - Süd;Stadtteilschule;2;104000
;;Studienkolleg für ausländische Studierende;;;;;Sonderschule;;;4;0;;;;0;11648;;;;;
5216;Theodor-Haubach-Schule;Theodor-Haubach-Schule;Haubachstraße 55, 22765 Hamburg;53.559364;9.941483;Grundschule;Grundschule;fa-building-o;green;2;3;;;28398;30347;29605;;;;;
;;Tor zur Welt;;;;;Grundschule;;;1;1;0;0;0;0;17162;;;;;
;;;;;;;;;;;;;;;;;W4;HIBB;Berufsschule;0;90000
5816;Walddörfer-Gymnasium;Walddörfer-Gymnasium;Im Allhorn 45, 22359 Hamburg;53.65189;10.175431;Gymnasium;Gymnasium;fa-building-o;green;4,4;6;;;55939;48818;28089;;;;;
5119;Westerschule Finkenwerder;Westerschule Finkenwerder;Finkenwerder Landscheideweg 180, 21129 Hamburg;53.527914;9.863057;Grundschule;Grundschule;fa-building-o;green;3,5;3;0;0;5444;0;0;Westerschule Finkenwerder;GMH - Süd;Grundschule;3;54000
8204;Wichern-Schule (Grundschule);;Horner Weg 164, 22111 Hamburg;53.555078;10.069796;Grundschule;;fa-building-o;green;;;;;;;;;;;;
8202;Wichern-Schule (Gymnasium);;Horner Weg 164, 22111 Hamburg;53.555078;10.069796;Gymnasium;;fa-building-o;green;;;;;;;;;;;;
8201;Wichern-Schule (Stadtteilschule);;Horner Weg 164, 22111 Hamburg;53.555078;10.069796;Stadtteilschule;;fa-building-o;green;;;;;;;;;;;;
5872;Wilhelm-Gymnasium;Wilhelm-Gymnasium;Klosterstieg 17, 20149 Hamburg;53.573991;9.99661;Gymnasium;Gymnasium;fa-building-o;green;4,5;6;;;18379;29653;11649;Wilhelm-Gymnasium;Eimsbüttel;Gymnasium;6;86121
;;Willy-Kraft-Schule;;;;;Förderschule;;;4,3;0;0;0;9665;0;0;Willy-Kraft-Schule;GMH - Süd;Förderschule;0;53800
;;;;;;;;;;;;;;;;;Windmühlenweg;Altona;Grundschule;6;50000
7917;Zukunftsschule Alsterpalais (Grundschule);;Alsterdorfer Straße 523, 22337 Hamburg;53.618202;10.027869;Grundschule;;fa-building-o;green;;;;;;;;;;;;
8502;Zukunftsschule Alsterpalais (Stadtteilschule);;Alsterdorfer Straße 523, 22337 Hamburg;53.618202;10.027869;Stadtteilschule;;fa-building-o;green;;;;;;;;;;;;