Schulnummer;Schulname;PLZ;Strasse;Kosten;lat;lng;Schulart;Prio
01A04;Berlin-Kolleg;10551;Turmstr. 75;6710000;52.526574;13.334076;Berlin-Kolleg;23
01G01;Grundschule am Arkonaplatz;10115;Ruppiner Str. 47-48;2450000;52.53684;13.40039;Grundschule;23
01G02;Papageno-Grundschule;10115;Bergstr. 58;2080000;52.532833;13.391048;Grundschule;23
01G04;Kastanienbaum-Grundschule;10119;Gipsstr. 23A;5360000;52.52678;13.4018;Grundschule;23
01G05;Grundschule Neues Tor;10115;Hannoversche Str. 20;4100000;52.52759;13.38033;Grundschule;23
01G07;GutsMuths-Grundschule;10179;Singerstr. 8;4250000;52.516365;13.42412;Grundschule;23
01G08;Grundschule am Brandenburger Tor;10117;Wilhelmstr. 52;5230000;52.51318;13.38276;Grundschule;23
01G10;City-Grundschule;10179;Sebastianstr. 57;90000;52.50737;13.40892;Grundschule;23
01G11;Kurt-Tucholsky-Grundschule;10559;Rathenower Str. 18;5810000;52.53026;13.35303;Grundschule;23
01G15;Anne-Frank-Grundschule;10557;Paulstr. 20B;2120000;52.51827;13.35527;Grundschule;23
01G16;Moabiter Grundschule;10557;Paulstr. 28;7560000;52.521974;13.35657;Grundschule;23
01G18;Carl-Bolle-Grundschule;10551;Waldenserstr. 20-21;9950000;52.528894;13.331807;Grundschule;1
01G19;Hansa-Grundschule;10555;Lessingstr. 5;1480000;52.5214;13.34019;Grundschule;23
01G24;Gottfried-Röhl-Grundschule;13349;Ungarnstr. 75;7110000;52.55719;13.35717;Grundschule;23
01G25;Rudolf-Wissell-Grundschule;13357;Ellerbeker Str. 7-8;7270000;52.55158;13.39611;Grundschule;1
01G27;Gesundbrunnen-Grundschule;13357;Prinzenallee 8;5270000;52.55338;13.38292;Grundschule;23
01G28;Brüder-Grimm-Grundschule;13353;Tegeler Str. 18-19;2880000;52.54146;13.35783;Grundschule;23
01G29;Wilhelm-Hauff-Grundschule;13359;Gotenburger Str. 8;1630000;52.557813;13.384347;Grundschule;23
01G31;Wedding-Grundschule;13347;Antonstr. 10;6040000;52.546206;13.362468;Grundschule;23
01G32;Carl-Kraemer-Grundschule;13359;Zechliner Str. 4;7760000;52.56107;13.38284;Grundschule;1
01G35;Humboldthain-Grundschule;13355;Grenzstr. 7;5150000;52.54323;13.380143;Grundschule;23
01G36;Andersen-Grundschule;13359;Kattegatstr. 26;3790000;52.56553;13.38891;Grundschule;23
01G37;Heinrich-Seidel-Grundschule;13355;Ramlerstr. 9-10;8940000;52.54695;13.39407;Grundschule;1
01G38;Gustav-Falke-Grundschule;13355;Strelitzer Str. 42;4260000;52.53795;13.39162;Grundschule;23
01G39;Vineta-Grundschule;13355;Demminer Str. 27;2150000;52.54222;13.3969;Grundschule;23
01G40;Möwensee-Grundschule;13351;Afrikanische Str. 123-125;6620000;52.55575;13.33375;Grundschule;1
01G41;Erika-Mann-Grundschule;13347;Utrechter Str. 25-27;5520000;52.55099;13.35786;Grundschule;23
01G42;Anna-Lindh-Schule (Grundschule);13351;Guineastr. 17-18;10860000;52.550375;13.341886;Grundschule;23
01G43;Albert-Gutzmann-Schule (Grundschule);13357;Orthstr. 1;7440000;52.549234;13.373261;Grundschule;
01G44;Allegro-Grundschule;10785;Lützowstr. 83-85;3900000;52.503571;13.363001;Grundschule;23
01G45;Leo-Lionni-Grundschule;13353;Müllerstr. 158;9530000;52.544342;13.361352;Grundschule;1
01G46;Grundschule am Koppenplatz;10115;Koppenplatz 12;5280000;52.52778;13.39745;Grundschule;23
01G47;Miriam-Makeba-Grundschule;10555;Zinzendorfstr. 15-16;7250000;52.52232;13.331446;Grundschule;1
01K01;Willy-Brandt-Schule;13357;Grüntaler Str. 5;5280000;52.55101;13.386048;Integrierte Sekundarschule;23
01K02;Ernst-Schering-Schule;13353;Lütticher Str. 47-48;11020000;52.54701;13.34782;Integrierte Sekundarschule;23
01K03;Ernst-Reuter-Schule;13355;Stralsunder Str. 57;16740000;52.538896;13.394373;Integrierte Sekundarschule;1
01K04;Heinrich-von-Stephan-Schule (Gemeinschaftsschule);10553;Neues Ufer 6;6980000;52.524775;13.316714;Integrierte Sekundarschule;23
01K06;Herbert-Hoover-Schule (Integrierte Sekundarschule);13357;Pankstr. 18-19;820000;52.546324;13.373398;Integrierte Sekundarschule;23
01K07;Hemingway-Schule;10115;Gartenstr. 10-17;2880000;52.530483;13.391682;Integrierte Sekundarschule;23
01K08;Schule am Schillerpark (Integrierte Sekundarschule);13349;Ofener Str. 6;9960000;52.55628;13.3457;Integrierte Sekundarschule;1
01K09;Hedwig-Dohm-Schule (Integrierte Sekundarschule);10559;Stephanstr. 27;6550000;52.53367;13.34651;Integrierte Sekundarschule;23
01K10;Theodor-Heuss-Schule (Gemeinschaftsschule);10559;Quitzowstr. 141;10930000;52.535722;13.354875;Integrierte Sekundarschule;23
01S01;Schule am Zille-Park;13347;Ravenéstr. 10-12;5420000;52.542859;13.372782;Integrierte Sekundarschule;23
01S05;Schule in der Charité;13353;Augustenburger Platz 1;0;52.542216;13.347104;Übrige Förderschwerpunkte;23
01S06;Albert-Gutzmann-Schule;13357;Orthstr. 1;0;52.549234;13.373261;Integrierte Sekundarschule;1
01S07;Charlotte-Pfeffer-Schule;10178;Berolinastr. 8;0;52.52226;13.42328;"Förderschwerp.""Geistige Entwicklung""";23
01Y02;John-Lennon-Gymnasium;10119;Zehdenicker Str. 17;4950000;52.530923;13.404105;Gymnasium;23
01Y07;Französisches Gymnasium;10785;Derfflingerstr. 7;6130000;52.50318;13.35549;Gymnasium;23
01Y08;Lessing-Gymnasium;13349;Schöningstr. 17;9630000;52.55734;13.34371;Gymnasium;1
01Y09;Diesterweg-Schule (Gymnasium);13357;Böttgerstr. 2-6;1080000;52.550012;13.378338;Gymnasium;23
01Y11;Max-Planck-Schule (Gymnasium);10179;Singerstr. 8A;1560000;52.516365;13.42412;Gymnasium;23
01Y12;Gymnasium Tiergarten;10555;Altonaer Str. 26;280000;52.51935;13.3394;Gymnasium;23
02G01;Spartacus-Grundschule;10249;Friedenstr. 40-45;830000;52.52106;13.43582;Grundschule;23
02G02;Hausburg-Grundschule;10249;Hausburgstr. 20;6600000;52.524208;13.454324;Grundschule;1
02G03;Justus-von-Liebig-Grundschule;10247;Liebigstr. 18A;5430000;52.518699;13.457697;Grundschule;23
02G04;Pettenkofer-Grundschule;10247;Pettenkoferstr. 20-24;5070000;52.518656;13471;Grundschule;23
02G07;Ludwig-Hoffmann-Grundschule;10243;Lasdehner Str. 21-23;1710000;52.514357;13.448886;Grundschule;23
02G08;Grundschule am Traveplatz;10247;Jessnerstr. 24-32;3040000;52.511492;13.471855;Grundschule;23
02G09;Zille-Grundschule;10245;Boxhagener Str. 46;1180000;52.50898;13.4653;Grundschule;23
02G10;Modersohn-Grundschule;10245;Niemannstr. 3;510000;52.50705;13.46024;Grundschule;23
02G11;Thalia-Grundschule;10245;Alt-Stralau 34;650000;52.492881;13.476151;Grundschule;23
02G12;Kurt-Schumacher-Grundschule;10969;Puttkamerstr. 19;9640000;52.504384;13.388493;Grundschule;1
02G13;Charlotte-Salomon-Grundschule;10965;Großbeerenstr. 40;4510000;52.49041;13.38183;Grundschule;23
02G14;Galilei-Grundschule;10969;Friedrichstr. 13;4850000;52.501885;13.391531;Grundschule;23
02G16;Lenau-Grundschule;10961;Nostitzstr. 60;11630000;52.49381;13.39154;Grundschule;1
02G18;Nürtingen-Grundschule;10997;Mariannenplatz 28;13480000;52.505469;13.426859;Grundschule;1
02G19;Fanny-Hensel-Grundschule;10963;Schöneberger Str. 23;2180000;52.50303;13.38014;Grundschule;23
02G20;Bürgermeister-Herz-Grundschule;10961;Wilmsstr. 10;3380000;52.49488;13.40516;Grundschule;23
02G21;Reinhardswald-Grundschule;10961;Gneisenaustr. 73-74;9380000;52.49059;13.3999;Grundschule;1
02G22;Jens-Nydahl-Grundschule;10999;Kohlfurter Str. 20;8080000;52.497294;13.41619;Grundschule;1
02G23;Fichtelgebirge-Grundschule;10997;Görlitzer Ufer 2;6580000;52.49575;13.44495;Grundschule;1
02G24;Otto-Wels-Grundschule;10969;Alexandrinenstr. 12;6240000;52.499923;13.401623;Grundschule;1
02G26;Lemgo-Grundschule;10967;Böckhstr. 5;6020000;52.494198;13.416454;Grundschule;23
02G27;Hunsrück-Grundschule;10999;Manteuffelstr. 79;6650000;52.497732;13.426632;Grundschule;23
02G29;Heinrich-Zille-Grundschule;10997;Waldemarstr. 118;4040000;52.500729;13.429182;Grundschule;23
02G31;Adolf-Glaßbrenner-Grundschule;10965;Hagelberger Str. 34;3570000;52.49085;13.38065;Grundschule;23
02G32;Clara-Grunwald-Grundschule;10963;Hallesche Str. 24;3580000;52.50077;13.38313;Grundschule;23
02G33;Aziz-Nesin-Grundschule;10961;Urbanstr. 15;4510000;52.49312;13.40611;Grundschule;23
02G34;34. Schule (Grundschule);10247;Scharnweberstr. 19;270000;52.51279;13.46783;Grundschule;23
02G35;Rosa-Parks-Grundschule;10999;Reichenberger Str. 65;13200000;52.495472;13.43052;Grundschule;23
02G36;36. Schule (Grundschule);10243;Andreasstr. 50;2960000;52.51663;13.43215;Übrige Förderschwerpunkte;23
02K01;Ellen-Key-Schule;10243;Rüdersdorfer Str. 20-28;6230000;52.5152;13.43689;Integrierte Sekundarschule;23
02K02;Carl-von-Ossietzky-Schule (Gemeinschaftsschule);10961;Blücherstr. 46;6460000;52.491647;13.404491;Integrierte Sekundarschule;1
02K03;Hector-Peterson-Schule;10963;Tempelhofer Ufer 15;10060000;52.49832;13.3841;Integrierte Sekundarschule;23
02K04;Lina-Morgenstern-Schule (Gemeinschaftsschule);10961;Gneisenaustr. 7;10910000;52.49178;13.38971;Integrierte Sekundarschule;1
02K05;Schule am Königstor (Integrierte Sekundarschule);10249;Weinstr. 3;200000;52.525666;13.425987;Integrierte Sekundarschule;23
02K06;Emanuel-Lasker-Schule;10245;Modersohnstr. 53;2220000;52.50277;13.45729;Integrierte Sekundarschule;23
02K07;Georg-Weerth-Schule;10249;Eckertstr. 16;4850000;52.518996;13.450401;Integrierte Sekundarschule;23
02K08;Refik-Veseli-Schule (Integrierte Sekundarschule);10997;Skalitzer Str. 55;12150000;52.49962;13.43555;Integrierte Sekundarschule;1
02K09;Albrecht-von-Graefe-Schule (Integrierte Sekundarschule);10967;Graefestr. 85-88;5000000;52.494205;13.418709;Integrierte Sekundarschule;23
02K10;Ferdinand-Freiligrath-Schule (Integrierte Sekundarschule);10961;Bergmannstr. 64;5920000;52.488798;13.40149;Integrierte Sekundarschule;1
02S01;Schule am Friedrichshain;10243;Lasdehner Str. 19;1190000;52.51449;13.4491;Integrierte Sekundarschule;23
02S02;Gustav-Meyer-Schule;10999;Kohlfurter Str. 22;9190000;52.497102;13.416721;"Förderschwerp.""Geistige Entwicklung""";1
02S03;Margarethe-von-Witzleben-Schule;10243;Palisadenstr. 76-77;3840000;52.51984;13.4346;Übrige Förderschwerpunkte;23
02S06;Liebmann-Schule;10969;Friedrichstr. 13;0;52.501885;13.391531;Übrige Förderschwerpunkte;23
02Y01;Andreas-Oberschule;10243;Koppenstr. 76;7280000;52.514039;13.434606;Gymnasium;23
02Y03;Heinrich-Hertz-Oberschule;10247;Rigaer Str. 81-82;7780000;52.51695;13.46306;Gymnasium;1
02Y04;Georg-Friedrich-Händel-Gymnasium;10247;Frankfurter Allee 6A;2080000;52.515331;13.455796;Gymnasium;23
02Y05;Dathe-Gymnasium;10243;Helsingforser Str. 11-13;6000000;52.510001;13.445399;Gymnasium;23
02Y06;Leibniz-Gymnasium;10961;Schleiermacherstr. 23;6880000;52.48978;13.39747;Gymnasium;1
02Y07;Robert-Koch-Gymnasium;10967;Dieffenbachstr. 60;6680000;52.49323;13.41596;Gymnasium;23
02Y08;Hermann-Hesse-Oberschule;10967;Böckhstr. 16;10030000;52.493579;13.419151;Gymnasium;1
03G01;Schule am Hamburger Platz (Grundschule);13086;Gustav-Adolf-Str. 21;3470000;52.55381;13.43681;Grundschule;23
03G02;Heinrich-Roller-Grundschule;10405;Heinrich-Roller-Str. 18;7620000;52.53064;13.42364;Grundschule;1
03G03;Grundschule am Kollwitzplatz;10435;Knaackstr. 67;1880000;52.53768;13.41489;Grundschule;23
03G04;Grundschule an der Marie;10405;Christburger Str. 7;3580000;52.536148;13.42559;Grundschule;23
03G05;Homer-Grundschule;10407;Pasteurstr. 10-12;3780000;52.53371;13.43237;Grundschule;23
03G06;Bötzow-Grundschule;10407;John-Schehr-Str. 38;1390000;52.535104;13.439793;Grundschule;23
03G08;Grundschule am Planetarium;10405;Ella-Kay-Str. 47;5430000;52.54145;13.43118;Grundschule;23
03G09;Thomas-Mann-Grundschule;10437;Greifenhagener Str. 58-59;1850000;52.54663;13.41479;Grundschule;23
03G10;Grundschule am Hohen Feld;13125;Bedeweg 1;1820000;52.61492;13.49606;Grundschule;23
03G11;Schule am Falkplatz (Grundschule);10437;Gleimstr. 49;7880000;52.54749;13.40538;Grundschule;1
03G12;Paul-Lincke-Grundschule;10409;Pieskower Weg 39;1350000;52.54129;13.44553;Grundschule;23
03G13;Rudolf-Dörrier-Grundschule;13158;Kastanienallee 59;4910000;52.59125;13.37612;Grundschule;23
03G14;Bornholmer Grundschule;10439;Ibsenstr. 17;9620000;52.55572;13.40768;Grundschule;1
03G16;Grundschule am Teutoburger Platz;10119;Templiner Str. 1-3;80000;52.533635;13.408651;Grundschule;23
03G17;Grundschule am Weißen See;13086;Amalienstr. 6;8790000;52.555294;13.457004;Grundschule;1
03G18;Picasso-Grundschule;13088;Gounodstr. 71;3460000;52.547032;13.460359;Grundschule;23
03G20;Grundschule im Moselviertel;13088;Brodenbacher Weg 31;2930000;52.559028;13.475454;Grundschule;23
03G21;Grundschule unter den Bäumen;13129;Alt-Blankenburg 26;2940000;52.592262;13.454422;Grundschule;23
03G22;Grundschule am Wasserturm;13089;Tino-Schwierzina-Str. 66;0;52.56546;13.43664;Grundschule;23
03G23;Grundschule Alt-Karow;13125;Bahnhofstr. 32;3270000;52.609682;13.479743;Grundschule;23
03G24;Grundschule im Panketal;13125;Achillesstr. 31;4140000;52.61986;13.486729;Grundschule;23
03G25;Carl-Humann-Grundschule;10439;Scherenbergstr. 7;1440000;52.55101;13.42173;Grundschule;23
03G26;Arnold-Zweig-Grundschule;13187;Wollankstr. 131;340000;52.56868;13.40012;Grundschule;23
03G27;Elizabeth-Shaw-Grundschule;13187;Grunowstr. 17;3040000;52.56831;13.41044;Grundschule;23
03G28;Grundschule im Hasengrund;13156;Charlottenstr. 19;0;52.59089;13.410577;Grundschule;23
03G29;Grundschule Am Sandhaus;13125;Wiltbergstr. 37-39;770000;52.637343;13.490967;Grundschule;23
03G32;Grundschule an den Buchen;13156;Wilhelm-Wolff-Str. 19;3000000;52.579207;13.394536;Grundschule;23
03G33;Jeanne-Barez-Schule (Grundschule);13127;Hauptstr. 66;1940000;52.60417;13.43415;Grundschule;23
03G34;Mendel-Grundschule;13187;Stiftsweg 3;3820000;52.573478;13.416325;Grundschule;23
03G35;Platanengrundschule;13159;Hauptstr. 20;1350000;52.618258;13.389549;Grundschule;23
03G36;Elisabeth-Christinen-Grundschule;13156;Lindenberger Str. 12;7650000;52.58294;13.41741;Grundschule;1
03G37;Klecks-Grundschule;13187;Brixener Str. 40;490000;52.55989;13.40756;Grundschule;23
03G38;Grundschule im Blumenviertel;10407;Syringenplatz 30;3720000;52.535141;13.458074;Grundschule;23
03G39;Grundschule Wolkenstein;13189;Neumannstr. 65;2010000;52.56527;13.42024;Grundschule;23
03G40;Schule am Birkenhof;13127;Arnouxstr. 18;1640000;52.60791;13.42388;Grundschule;23
03G41;Trelleborg-Schule (Grundschule);13189;Eschengraben 40;5660000;52.556012;13.421818;Grundschule;23
03G43;Grundschule Wilhelmsruh;13158;Lessingstr. 44;2100000;52.5903;13.36421;Grundschule;23
03G44;Georg-Zacharias-Grundschule;13088;Sulzfelder Str. 15;1800000;52.55219;13.47502;Grundschule;23
03G45;Grundschule im Hofgarten;10435;Danziger Str. 50;680000;52.53921;13.41918;Grundschule;23
03G46;Grundschule im Eliashof;10437;Senefelderstr. 6;1140000;52.540786;13.422734;Grundschule;23
03G47;Schule an der Strauchwiese;13187;Mendelstr. 54;0;52.57805;13.41782;Grundschule;23
03K01;Kurt-Schwitters-Schule;10405;Greifswalder Str. 25;3560000;52.5314;13.42807;Integrierte Sekundarschule;23
03K02;Kurt-Tucholsky-Schule (Integrierte Sekundarschule);13189;Neumannstr. 9-11;3030000;52.55812;13.42333;Integrierte Sekundarschule;23
03K03;Konrad-Duden-Schule (Integrierte Sekundarschule);13156;Rolandstr. 35;1880000;52.58183;13.41744;Integrierte Sekundarschule;23
03K04;Gustave-Eiffel-Schule;10409;Hanns-Eisler-Str. 78-80;7020000;52.540662;13.44844;Integrierte Sekundarschule;1
03K05;Heinz-Brandt-Schule;13086;Langhansstr. 120;4720000;52.551192;13.441808;Integrierte Sekundarschule;23
03K06;Reinhold-Burger-Schule;13187;Neue Schönholzer Str. 32;2010000;52.56838;13.40303;Integrierte Sekundarschule;23
03K07;Tesla-Schule (Gemeinschaftsschule);10407;Rudi-Arndt-Str. 18;9900000;52.529086;13.446061;Integrierte Sekundarschule;1
03K08;Hagenbeck-Schule;13086;Gustav-Adolf-Str. 60;5080000;52.55879;13.44729;Integrierte Sekundarschule;23
03K09;Janusz-Korczak-Schule (Integrierte Sekundarschule);13187;Dolomitenstr. 94;3820000;52.562908;13.407559;Integrierte Sekundarschule;23
03K10;Hufeland-Schule (Integrierte Sekundarschule);13125;Walter-Friedrich-Str. 16-18;16420000;52.63325;13.49373;Integrierte Sekundarschule;1
03K11;Wilhelm-von-Humboldt-Schule (Gemeinschaftsschule);10439;Erich-Weinert-Str. 70;2010000;52.54845;13.42476;Integrierte Sekundarschule;23
03S01;Schule am Senefelderplatz;10435;Schönhauser Allee 165;3080000;52.53452;13.41187;"Förderschwerp.""Lernen""";23
03S03;Helene-Haeusler-Schule;10405;Mendelssohnstr. 10;2300000;52.5267;13.42002;"Förderschwerp.""Geistige Entwicklung""";23
03S07;Schule an der Heide;13156;Hermann-Hesse-Str. 48-52;1090000;52.578097;13.394472;"Förderschwerp.""Lernen""";23
03S08;Panke-Schule;13187;Galenusstr. 64;0;52.57877;13.41699;"Förderschwerp.""Geistige Entwicklung""";23
03S09;Schule an der Strauchwiese;13187;Mendelstr. 54;200000;52.57805;13.41782;Übrige Förderschwerpunkte;23
03S10;Marianne-Buggenhagen-Schule;13125;Ernst-Busch-Str. 29;1060000;52.62953;13.49149;Übrige Förderschwerpunkte;23
03Y03;Käthe-Kollwitz-Gymnasium;10439;Dunckerstr. 65-66;4700000;52.5458;13.42271;Gymnasium;23
03Y04;Heinrich-Schliemann-Gymnasium;10439;Dunckerstr. 64;5300000;52.54663;13.42365;Gymnasium;23
03Y08;Carl-von-Ossietzky-Gymnasium;13187;Görschstr. 42-44;520000;52.566429;13.40007;Gymnasium;23
03Y10;Rosa-Luxemburg-Gymnasium;13189;Kissingenstr. 12;0;52.56669;13.41948;Gymnasium;23
03Y13;Felix-Mendelssohn-Bartholdy-Gymnasium;10407;Eugen-Schönhaar-Str. 18;0;52.537087;13.437857;Gymnasium;23
03Y14;Primo-Levi-Gymnasium;13086;Pistoriusstr. 133;19850000;52.5516;13.45369;Gymnasium;1
03Y15;Max-Delbrück-Gymnasium;13156;Kuckhoffstr. 2-22;8200000;52.583884;13.402118;Gymnasium;1
03Y16;Robert-Havemann-Gymnasium;13125;Achillesstr. 79;7260000;52.615393;13.494218;Gymnasium;23
03Y17;17. Schule (Gymnasium);10407;Conrad-Blenkle-Str. 34;0;52.534329;13.447008;Gymnasium;23
04G01;Eichendorff-Grundschule;10625;Goethestr. 19;4660000;52.50921;13.31305;Grundschule;23
04G02;Lietzensee-Grundschule;14057;Witzlebenstr. 34;4350000;52.5094;13.29502;Grundschule;23
04G04;Joan-Miró-Grundschule;10623;Bleibtreustr. 43;8030000;52.50357;13.32014;Grundschule;23
04G05;Dietrich-Bonhoeffer-Grundschule;14050;Spandauer Damm 205-215;1100000;52.521371;13.26202;Grundschule;23
04G06;Wald-Grundschule;14055;Waldschulallee 83-93;3850000;52.50259;13259;Grundschule;23
04G07;Ludwig-Cauer-Grundschule;10587;Cauerstr. 36-38;6920000;52.515043;13.315123;Grundschule;23
04G08;Mierendorff-Grundschule;10589;Mierendorffstr. 20-24;9500000;52.523791;13.303338;Grundschule;23
04G09;Erwin-von-Witzleben-Grundschule;13627;Halemweg 34;2840000;52.53967;13.2873;Grundschule;23
04G11;Helmuth-James-von-Moltke-Grundschule;13627;Heckerdamm 221;4440000;52.53903;13.30104;Grundschule;23
04G12;Schinkel-Grundschule;10585;Nithackstr. 8;7530000;52.51782;13.29876;Grundschule;23
04G13;Nehring-Grundschule;14059;Nehringstr. 9-10;12330000;52.514893;13.293865;Grundschule;23
04G14;Reinhold-Otto-Grundschule;14050;Leistikowstr. 7-8;5170000;52.513329;13.268399;Grundschule;23
04G15;Charles-Dickens-Grundschule;14055;Dickensweg 15;3230000;52.508946;13.236971;Grundschule;23
04G17;Johann-Peter-Hebel-Grundschule;10719;Emser Str. 50;5890000;52.49541;13.31942;Grundschule;23
04G18;Ernst-Habermann-Grundschule;10715;Prinzregentenstr. 33-34;1720000;52.48328;13.33269;Grundschule;23
04G19;Grundschule am Rüdesheimer Platz;14197;Rüdesheimer Str. 24-30;7900000;52.47113;13.31312;Grundschule;23
04G20;Katharina-Heinroth-Grundschule;10709;Münstersche Str. 15-17;8720000;52494;13.30619;Grundschule;23
04G21;Halensee-Grundschule;10711;Joachim-Friedrich-Str. 35-36;6620000;52.49993;13.2961;Grundschule;23
04G22;Grunewald-Grundschule;14193;Delbrückstr. 20A;3890000;52.484525;13.281094;Grundschule;23
04G23;Alt-Schmargendorf-Grundschule;14199;Reichenhaller Str. 8;10810000;52.477085;13.293432;Grundschule;1
04G24;Carl-Orff-Grundschule;14199;Berkaer Str. 9-10;6910000;52.47841;13.28709;Grundschule;23
04G25;Cecilien-Schule (Grundschule);10717;Nikolsburger Platz 5;6060000;52.49331;13.32769;Grundschule;23
04G26;Birger-Forell-Grundschule;10715;Koblenzer Str. 22-24;5660000;52.480726;13.321893;Grundschule;23
04K02;Friedensburg-Schule;10623;Goethestr. 8-9;12860000;52.50908;13.32082;Integrierte Sekundarschule;23
04K03;Robert-Jungk-Schule;10707;Sächsische Str. 58;3200000;52.49448;13.31872;Integrierte Sekundarschule;23
04K05;Paula-Fürst-Schule (Gemeinschaftsschule);10629;Sybelstr. 20-21;5350000;52.50227;13.30194;Integrierte Sekundarschule;23
04K06;Schule am Schloss (Integrierte Sekundarschule);14059;Schloßstr. 55A;12530000;52.5161;13.29812;Integrierte Sekundarschule;23
04K07;Integrierte Sekundarschule Wilmersdorf;14199;Kranzer Str. 3;8520000;52.482808;13.296098;Integrierte Sekundarschule;23
04K08;Peter-Ustinov-Schule;14057;Kuno-Fischer-Str. 22-26;2530000;52.505241;13.290548;Integrierte Sekundarschule;23
04K09;Otto-von-Guericke-Schule (Integrierte Sekundarschule);10709;Eisenzahnstr. 47-48;11540000;52.49276;13.30516;Integrierte Sekundarschule;23
04S02;Arno-Fuchs-Schule;10585;Richard-Wagner-Str. 30;3840000;52.51489;13.30717;"Förderschwerp.""Geistige Entwicklung""";23
04S04;Reinfelder-Schule;14055;Maikäferpfad 30;6230000;52.49693;13.26373;Grundschule;23
04S05;Ernst-Adolf-Eschke-Schule für Gehörlose;14055;Waldschulallee 29;650000;52.4989;13.26508;Fachschule;23
04S06;Finkenkrug-Schule;10713;Mannheimer Str. 21-22;1780000;52.48448;13.31606;"Förderschwerp.""Geistige Entwicklung""";23
04S07;Comenius-Schule;10713;Gieselerstr. 4;11020000;52.48869;13.3181;Grundschule;23
04Y01;Schiller-Gymnasium;10625;Schillerstr. 125-127;11340000;52.50993;13.321596;Gymnasium;1
04Y02;Wald-Gymnasium;14055;Waldschulallee 95;5230000;52.50343;13.25701;Gymnasium;23
04Y03;Sophie-Charlotte-Gymnasium;10629;Sybelstr. 2;7210000;52.5023;13.31237;Gymnasium;23
04Y04;Gottfried-Keller-Gymnasium;10589;Olbersstr. 38;13390000;52.52888;13.3022;Gymnasium;23
04Y05;Herder-Gymnasium;14052;Westendallee 45-46;5030000;52.510663;13.257932;Gymnasium;23
04Y06;Heinz-Berggruen-Gymnasium;14052;Bayernallee 4;2160000;52.51103;13.26722;Gymnasium;23
04Y07;Friedrich-Ebert-Gymnasium;10713;Blissestr. 22;8430000;52.484621;13.319289;Gymnasium;1
04Y08;Hildegard-Wegscheider-Gymnasium;14193;Lassenstr. 16-20;4390000;52.485116;13.275931;Gymnasium;23
04Y09;Walther-Rathenau-Gymnasium;14193;Herbertstr. 2-6;6370000;52.49143;13.28135;Gymnasium;23
04Y10;Marie-Curie-Gymnasium;10715;Weimarische Str. 21;5050000;52.480119;13.324748;Gymnasium;23
04Y11;Goethe-Gymnasium;10717;Gasteiner Str. 23;7130000;52.48759;13.3225;Gymnasium;23
05G01;Ernst-Ludwig-Heim-Grundschule;13597;Grunewaldstr. 8;4450000;52.5304;13.20672;Grundschule;23
05G02;Grundschule am Eichenwald;13587;Gaismannshofer Weg 2;6710000;52.558423;13.199146;Grundschule;23
05G03;Birken-Grundschule;13585;Hügelschanze 8-9;7950000;52.54863;13.19756;Grundschule;
05G04;Klosterfeld-Grundschule;13583;Seegefelder Str. 125;2480000;52.53861;13.17968;Grundschule;23
05G05;Christoph-Földerich-Grundschule;13595;Földerichplatz 5;7860000;52.51986;13.193276;Grundschule;23
05G06;Siegerland-Grundschule;13589;Hermann-Schmidt-Weg 4;5410000;52.55125;13.175203;Grundschule;23
05G07;Lynar-Grundschule;13585;Lutherstr. 19-20;1030000;52.54766;13.20683;Grundschule;23
05G08;Konkordia-Grundschule;13581;Elsflether Weg 26;4880000;52.53018;13.19202;Grundschule;23
05G09;Schule am Grüngürtel;13585;Askanierring 42;0;52.549099;13.1934;Grundschule;23
05G10;Grundschule am Birkenhain;13581;Seeburger Str. 59;2580000;52.52596;13.180519;Grundschule;23
05G11;Robert-Reinick-Grundschule;13629;Jungfernheideweg 33-48;4340000;52.54065;13.27277;Grundschule;23
05G12;Grundschule am Weinmeisterhorn;13593;Daberkowstr. 27;4240000;52.50825;13.1742;Grundschule;23
05G13;Bernd-Ryke-Grundschule;13599;Daumstr. 12;5310000;52.54494;13.2325;Grundschule;1
05G14;Linden-Grundschule;13591;Staakener Feldstr. 6-8;4040000;52.53517;13.14081;Grundschule;23
05G15;Askanier-Grundschule;13583;Borkzeile 34;6390000;52.54049;13.19242;Grundschule;1
05G16;Zeppelin-Grundschule;13591;Heidebergplan 3-4;3840000;52.5409;13.14635;Grundschule;23
05G17;Astrid-Lindgren-Grundschule;13591;Südekumzeile 5;5090000;52.5311;13.15652;Grundschule;23
05G18;Grundschule im Beerwinkel;13589;Im Spektefeld 31;7500000;52.549023;13.154969;Grundschule;1
05G19;Grundschule am Ritterfeld;14089;Schallweg 31;2560000;52.455239;13.138357;Grundschule;23
05G20;Carl-Schurz-Grundschule;13587;Hakenfelder Str. 32;4310000;52.56751;13.199061;Grundschule;23
05G21;Paul Moor Schule;13595;Adamstr. 24-25;0;52521;13.19029;Grundschule;23
05G22;Christian-Morgenstern-Grundschule;13593;Räcknitzer Steig 12;1800000;52.5227;13.16816;Grundschule;23
05G23;Grundschule am Brandwerder;13591;Spandauer Str. 86;4010000;52.53595;13.15293;Grundschule;23
05G24;Grundschule am Windmühlenberg;14089;Am Kinderdorf 23-37;3300000;52.48547;13.17431;Grundschule;23
05G25;Grundschule am Wasserwerk;13589;Pionierstr. 197;3240000;52.55625;13.16467;Grundschule;23
05G26;Grundschule am Amalienhof;13593;Weinmeisterhornweg 122;3650000;52.51289;13.1667;Grundschule;23
05G27;Charlie-Rivel-Grundschule;13585;Flankenschanze 20;670000;52.543893;13.1996;Grundschule;23
05G28;Grundschule an der Pulvermühle;13599;Grützmacherweg 7;630000;52.544061;13.228327;Grundschule;23
05G29;Mary-Poppins-Grundschule;14089;Am Flugplatz Gatow 20;340000;52.472209;13.127426;Grundschule;23
05G30;30. Schule;13585;Hügelschanze 8-9;0;52.54863;13.19756;Grundschule;1
05K01;Martin-Buber-Oberschule (Integrierte Sekundarschule);13589;Im Spektefeld 33;12140000;52.54895;13.1565;Integrierte Sekundarschule;1
05K02;Carlo-Schmid-Oberschule (Integrierte Sekundarschule);13581;Lutoner Str. 15-19;12710000;52.5259;13.17464;Integrierte Sekundarschule;1
05K03;Bertolt-Brecht-Oberschule (Integrierte Sekundarschule);13595;Wilhelmstr. 10;10580000;52.525308;13.192692;Integrierte Sekundarschule;1
05K04;Heinrich-Böll-Oberschule (Integrierte Sekundarschule);13587;Am Forstacker 9-11;1600000;52.565166;13.199033;Integrierte Sekundarschule;23
05K05;B.-Traven-Gemeinschaftsschule;13583;Recklinghauser Weg 26-32;10320000;52.5469;13.17403;Integrierte Sekundarschule;1
05K06;Wolfgang-Borchert-Schule (Integrierte Sekundarschule);13585;Blumenstr. 13;4160000;52.54571;13.1967;Integrierte Sekundarschule;23
05K07;Schule an der Jungfernheide (Integrierte Sekundarschule);13629;Lenther Steig 1-3;1770000;52.53843;13.26697;Integrierte Sekundarschule;23
05K08;Schule an der Haveldüne (Integrierte Sekundarschule);13595;Jaczostr. 53-67;14500000;52.51098;13.18567;Integrierte Sekundarschule;1
05K09;Schule am Staakener Kleeblatt (Integrierte Sekundarschule);13591;Brunsbütteler Damm 431-437;4840000;52.5349;13.13491;Integrierte Sekundarschule;23
05S01;Schule am Grüngürtel;13585;Askanierring 42;2780000;52.549099;13.1934;"Förderschwerp.""Lernen""";23
05S02;Paul-Moor-Schule;13595;Adamstr. 24-25;3890000;52521;13.19029;"Förderschwerp.""Lernen""";23
05S03;Schule am Gartenfeld;13599;Gartenfelder Str. 81;9050000;52.543211;13.24234;"Förderschwerp.""Geistige Entwicklung""";23
05S04;Schule am Stadtrand;13589;Pionierstr. 197;0;52.55625;13.16467;Übrige Förderschwerpunkte;23
05Y01;Freiherr-vom-Stein-Gymnasium;13597;Galenstr. 40-44;0;52.539684;13.198479;Gymnasium;23
05Y02;Kant-Gymnasium;13585;Bismarckstr. 54;14620000;52.54286;13.20115;Gymnasium;1
05Y03;Hans-Carossa-Gymnasium;14089;Am Landschaftspark Gatow 40;3100000;52.47244;13.13028;Gymnasium;23
05Y04;Carl-Friedrich-von-Siemens-Gymnasium;13629;Jungfernheideweg 79;8450000;52.54559;13.26983;Gymnasium;1
05Y05;Lily-Braun-Gymnasium;13597;Münsingerstr. 2;20000;52.538567;13.199029;Gymnasium;23
06G01;Nord-Grundschule;14163;Potsdamer Str. 7;6260000;52.435951;13.25558;Grundschule;23
06G02;Süd-Grundschule;14165;Claszeile 56;9290000;52.4189;13.25839;Grundschule;1
06G03;Johannes-Tews-Grundschule;14129;Wasgenstr. 50;9540000;52.43162;13.21262;Grundschule;1
06G04;Erich-Kästner-Grundschule;14195;Bachstelzenweg 2-8;3660000;52.458141;13.283199;Grundschule;23
06G05;Conrad-Schule (Grundschule);14109;Schulstr. 4;6180000;52.415181;13.146695;Grundschule;23
06G06;Mühlenau-Grundschule;14195;Molsheimer Str. 7;5870000;52.443206;13.276002;Grundschule;23
06G07;Zinnowwald-Grundschule;14163;Wilskistr. 78;9090000;52.44543;13.246529;Grundschule;1
06G08;Schweizerhof-Grundschule;14167;Leo-Baeck-Str. 28-30;3930000;52.42278;13.26571;Grundschule;23
06G09;Dreilinden-Grundschule;14109;Dreilindenstr. 65;400000;52.4205;13.18369;Grundschule;23
06G10;Grundschule am Buschgraben;14165;Ludwigsfelder Str. 43-47;1460000;52.42192;13.242834;Grundschule;23
06G11;Grundschule Am Rohrgarten (Gemeinschaftsschule);14163;Am Rohrgarten 9;730000;52.425776;13.224983;Grundschule;23
06G12;Quentin-Blake-Grundschule;14195;Hüttenweg 40;4760000;52.454097;13.27055;Grundschule;23
06G14;Sachsenwald-Grundschule;12157;Sachsenwaldstr. 20-21;3490000;52.46151;13.3354;Grundschule;23
06G15;Dunant-Grundschule;12163;Gritznerstr. 19-23;5880000;52.46486;13.31818;Grundschule;1
06G16;Rothenburg-Grundschule;12165;Rothenburgstr. 18;30000;52.45398;13.31302;Grundschule;23
06G17;Grundschule am Insulaner;12169;Hanstedter Weg 11-15;4430000;52.45185;13.34956;Grundschule;23
06G18;Athene-Grundschule;12205;Curtiusstr. 37;4500000;52.440565;13.290632;Grundschule;23
06G20;Alt-Lankwitzer Grundschule;12247;Schulstr. 17-21;4600000;52.437023;13.351096;Grundschule;23
06G21;Paul-Schneider-Grundschule;12249;Seydlitzstr. 30-34;5380000;52.431002;13.341243;Grundschule;23
06G22;Giesensdorfer Grundschule;12207;Ostpreußendamm 63;4500000;52.422226;13.31101;Grundschule;23
06G23;Kronach-Grundschule;12203;Moltkestr. 24-26;8280000;52.44167;13.313098;Grundschule;1
06G24;Grundschule unter den Kastanien;12209;Kastanienstr. 6 -8;5770000;52.42546;13.32527;Grundschule;1
06G25;Clemens-Brentano-Grundschule;12205;Kommandantenstr. 83-84;10800000;52.433511;13.29316;Grundschule;1
06G26;Käthe-Kruse-Grundschule;12203;Tietzenweg 108;3150000;52.438186;13.310138;Grundschule;23
06G27;Grundschule am Königsgraben;12249;Gallwitzallee 136-144;4380000;52.42303;13.34815;Grundschule;23
06G28;Ludwig-Bechstein-Grundschule;12249;Halbauer Weg 25;5790000;52.43255;13.36236;Grundschule;23
06G29;Grundschule am Karpfenteich;12209;Hildburghauser Str. 135;4540000;52.417401;13.333982;Grundschule;23
06G30;Mercator-Grundschule;12207;Mercatorweg 8-10;5860000;52.41225;13.317376;Grundschule;23
06G31;Grundschule an der Bäke;12203;Haydnstr. 15;8200000;52.447783;13.318838;Grundschule;1
06G32;Grundschule am Stadtpark Steglitz;12167;Karl-Stieler-Str. 10-11;2760000;52.449314;13.34298;Grundschule;23
06G33;Friedrich-Drake-Schule;12205;Drakestr. 80;1190000;52.43254;13.30621;Grundschule;23
06K01;John-F.-Kennedy-Schule;14167;Teltower Damm 87-93;28540000;52.42589;13.26273;Integrierte Sekundarschule;1
06K02;Wilma-Rudolph-Schule (Integrierte Sekundarschule);14169;Am Hegewinkel 2A;13210000;52.45479;13.26097;Integrierte Sekundarschule;1
06K03;Kopernikus-Schule (Integrierte Sekundarschule);12163;Lepsiusstr. 24-28;7190000;52.4643;13.32069;Integrierte Sekundarschule;1
06K04;Bröndby-Schule (Integrierte Sekundarschule);12249;Dessauerstr. 63;15120000;52.428237;13.345888;Integrierte Sekundarschule;1
06K06;Anna Essinger Gemeinschaftsschule;12203;Tietzenweg 101;7000000;52.439089;13.309116;Integrierte Sekundarschule;1
06K08;Max-von-Laue-Schule;12203;Dürerstr. 27;1100000;52.43725;13.305628;Integrierte Sekundarschule;23
06K09;Gail-S.-Halvorsen-Integrierte Sekundarschule;14195;Im Gehege 6;12060000;52.459454;13.284371;Integrierte Sekundarschule;1
06K10;Helene-Lange-Schule (Integrierte Sekundarschule);12169;Lauenburger Str. 110;7550000;52.4528;13.33586;Integrierte Sekundarschule;23
06S01;Pestalozzi-Schule;14163;Hartmannsweilerweg 47;3630000;52.44346;13.24838;Integrierte Sekundarschule;23
06S02;Biesalski-Schule;14195;Hüttenweg 40;7170000;52.454097;13.27055;Übrige Förderschwerpunkte;1
06S03;Peter-Frankenfeld-Schule;12247;Wedellstr. 26;2100000;52.43515;13.35522;"Förderschwerp.""Geistige Entwicklung""";23
06S05;J.-A.-Zeune-Schule für Blinde und Berufsfachschule Dr. Silex;12165;Rothenburgstr. 14;6230000;52.455569;13.315047;Berufsschule mit sonderpäd. Aufgaben;1
06Y01;Schadow-Gymnasium;14163;Beuckestr. 27-29;20090000;52.43149;13.25463;Gymnasium;1
06Y02;Droste-Hülshoff-Oberschule;14165;Schönower Str. 8;13340000;52.42846;13.25673;Gymnasium;1
06Y03;Arndt-Gymnasium Dahlem;14195;Königin-Luise-Str. 80-84;0;52.45916;13.28001;Gymnasium;23
06Y04;Dreilinden-Gymnasium;14109;Dreilindenstr. 49;9320000;52.42057;13.18778;Gymnasium;1
06Y05;Werner-von-Siemens-Oberschule;14129;Beskidenstr. 3;9310000;52.43194;13.21159;Gymnasium;1
06Y06;Beethoven-Oberschule;12249;Barbarastr. 9;14610000;52.43293;13.34283;Gymnasium;1
06Y07;Paulsen-Gymnasium;12163;Gritznerstr. 57;9530000;52.46219;13.314388;Gymnasium;1
06Y08;Hermann-Ehlers-Oberschule;12169;Elisenstr. 3-4;10150000;52.45297;13.33373;Gymnasium;1
06Y09;Fichtenberg-Oberschule;12165;Rothenburgstr. 18;0;52.45398;13.31302;Gymnasium;23
06Y10;Lilienthal-Gymnasium;12203;Ringstr. 2-3;10470000;52.43595;13.31215;Gymnasium;1
06Y11;Goethe-Gymnasium Lichterfelde;12205;Drakestr. 72-75;10030000;52.434929;13.305363;Gymnasium;1
06Y12;Willi-Graf-Gymnasium;12207;Ostpreußendamm 166;7300000;52.43469;13.32096;Gymnasium;1
06Y13;Gymnasium Steglitz;12169;Heesestr. 15;6690000;52.45671;13.32644;Gymnasium;1
07G01;Spreewald-Grundschule;10781;Pallasstr. 15;8500000;52.49539;13.35693;Grundschule;1
07G02;Finow-Grundschule;10777;Welserstr. 16-22;5750000;52.49823;13.34251;Grundschule;23
07G03;Werbellinsee-Grundschule;10781;Luitpoldstr. 38;1920000;52.495036;13.348236;Grundschule;23
07G05;Havelland-Grundschule;10829;Kolonnenstr. 30;2910000;52.484772;13.367681;Grundschule;23
07G06;Sternberg-Grundschule;10825;Mettestr. 8;2300000;52.48047;13.33924;Grundschule;23
07G07;Lindenhof-Grundschule;12105;Reglinstr. 29;3200000;52.45809;13.36325;Grundschule;23
07G10;Teltow-Grundschule;10827;Feurigstr. 57;8360000;52.484327;13.356154;Grundschule;1
07G12;Scharmützelsee-Grundschule;10779;Hohenstaufenstr. 49;6940000;52.494177;13.343268;Grundschule;23
07G13;Neumark-Grundschule;10783;Steinmetzstr. 46-50;6420000;52.49282;13.36249;Grundschule;1
07G14;Löcknitz-Grundschule;10779;Berchtesgadener Str. 10-11;3530000;52.489558;13.343356;Grundschule;23
07G15;Fläming-Grundschule;12161;Illstr. 4-6;7250000;52.46839;13.3329;Grundschule;1
07G16;Ruppin-Grundschule;14197;Offenbacher Str. 5A;12860000;52.47538;13.32137;Grundschule;1
07G17;Stechlinsee-Grundschule;12161;Rheingaustr. 7;2800000;52.46934;13.32242;Grundschule;23
07G18;Grundschule am Barbarossaplatz;10781;Barbarossaplatz 5;6020000;52.49235;13.34978;Grundschule;1
07G19;Paul-Simmel-Grundschule;12099;Felixstr. 26-58;7990000;52.46137;13.3926;Grundschule;1
07G20;Maria-Montessori-Grundschule;12103;Friedrich-Wilhelm-Str. 72-74;4870000;52.45817;13.38069;Grundschule;23
07G21;Grundschule auf dem Tempelhofer Feld;12101;Schulenburgring 7-11;5380000;52.48081;13.38185;Grundschule;23
07G22;Paul-Klee-Grundschule;12105;Konradinstr. 15-17;8260000;52454;13.37538;Grundschule;1
07G23;Schätzelberg-Grundschule;12109;Wolfsburger Weg 13-19;5840000;52.4487;13.40066;Grundschule;1
07G24;Tempelherren-Grundschule;12101;Boelckestr. 58-60;11680000;52.478603;13.37647;Grundschule;1
07G25;Ludwig-Heck-Grundschule;12105;Königstr. 32;7430000;52.447125;13.383928;Grundschule;23
07G26;Grundschule im Taunusviertel;12309;Wiesbadener Str. 20;3640000;52.40019;13.41799;Grundschule;23
07G27;Rudolf-Hildebrand-Grundschule;12107;Friedenstr. 23-25;8980000;52.43886;13.3855;Grundschule;23
07G28;Kiepert-Grundschule;12277;Prechtlstr. 21-23;9350000;52.41591;13.37327;Grundschule;23
07G29;Käthe-Kollwitz-Grundschule;12307;Mellener Str. 38-42;2840000;52.3862;13.40487;Grundschule;23
07G30;Annedore-Leber-Grundschule;12305;Halker Zeile 137-149;5190000;52.39757;13.40197;Grundschule;23
07G31;Carl-Sonnenschein-Grundschule;12109;Am Hellespont 4-6;710000;52.443699;13.408152;Grundschule;23
07G32;Bruno-H.-Bürgel-Grundschule;12305;Rackebüller Weg 70;6710000;52.404902;13.402536;Grundschule;1
07G34;Marienfelder Schule (Grundschule);12279;Erbendorfer Weg 13;8530000;52.41209;13.35184;Grundschule;1
07G35;Nahariya-Grundschule;12309;Nahariyastr. 13-17;570000;52.39085;13.41943;Grundschule;23
07G36;Grundschule am Dielingsgrund;12305;Dielingsgrund 35;7040000;52.41166;13.40863;Grundschule;23
07G37;Ikarus-Grundschule;12107;Körtingstr. 45;6900000;52.43363;13.38389;Grundschule;23
07K01;Sophie-Scholl-Schule;10781;Elßholzstr. 34-37;16340000;52.492808;13.356583;Integrierte Sekundarschule;23
07K02;Carl-Zeiss-Schule;12305;Barnetstr. 12-14;3200000;52.39571;13.40258;Integrierte Sekundarschule;23
07K03;Gustav-Heinemann-Schule;12279;Waldsassener Str. 62;3200000;52.40662;13.34754;Integrierte Sekundarschule;23
07K04;Theodor-Haubach-Schule;12305;Grimmstr. 9-11;12660000;52.398399;13.403988;Integrierte Sekundarschule;23
07K05;Solling-Schule;12277;Alt-Marienfelde 52;13740000;52.41397;13.36527;Integrierte Sekundarschule;1
07K06;Georg-von-Giesche-Schule;10779;Hohenstaufenstr. 47-48;9720000;52.494144;13.342529;Integrierte Sekundarschule;1
07K07;Johanna-Eck-Schule (Integrierte Sekundarschule);12105;Ringstr. 103-106;13340000;52.44692;13.36411;Integrierte Sekundarschule;1
07K09;Gustav-Langenscheidt-Schule;10823;Belziger Str. 43-51;12540000;52.485997;13.350718;Integrierte Sekundarschule;1
07K10;Friedrich-Bergius-Schule;12159;Perelsplatz 6-9;8750000;52.47618;13.33314;Integrierte Sekundarschule;1
07K12;Friedenauer Gemeinschaftsschule;12157;Rubensstr. 63;0;52.469784;13.344068;Integrierte Sekundarschule;23
07K13;Schule am Berlinickeplatz (Integrierte Sekundarschule);12103;Alt-Tempelhof 53-57;10300000;52.465657;13.379583;Integrierte Sekundarschule;23
07S01;Prignitz-Schule;12157;Pöppelmannstr. 2;7540000;52.46884;13.34519;"Förderschwerp.""Lernen""";23
07S03;Steinwald-Schule;12277;Hanielweg 7-9;0;52.41783;13.36458;"Förderschwerp.""Geistige Entwicklung""";23
07S04;Marianne-Cohn-Schule;12099;Holzmannstr. 7;5770000;52.46433;13.41815;"Förderschwerp.""Geistige Entwicklung""";1
07Y01;Robert-Blum-Gymnasium;10829;Kolonnenstr. 21;7560000;52.48483;13.36487;Gymnasium;23
07Y02;Rückert-Gymnasium;10825;Mettestr. 8;18070000;52.48047;13.33924;Gymnasium;1
07Y03;Rheingau-Gymnasium;12161;Schwalbacher Str. 3-4;10360000;52.470206;13.322611;Gymnasium;23
07Y04;Paul-Natorp-Gymnasium;12161;Goßlerstr. 13-15;0;52.46939;13.32431;Gymnasium;23
07Y05;Luise-Henriette-Gymnasium;12099;Germaniastr. 4-6;0;52.46546;13.39059;Gymnasium;23
07Y06;Askanisches Gymnasium;12103;Kaiserin-Augusta-Str. 19-20;12850000;52.45992;13.37992;Gymnasium;1
07Y07;Eckener-Gymnasium;12105;Kaiserstr. 17-21;9540000;52.4451;13.38052;Gymnasium;1
07Y08;Ulrich-von-Hutten-Gymnasium;12307;Rehagener Str. 35-37;630000;52.38563;13.40388;Gymnasium;23
07Y09;Georg-Büchner-Gymnasium;12305;Lichtenrader Damm 224;13650000;52.39186;13.406604;Gymnasium;1
08G01;Rixdorfer Schule;12043;Donaustr. 120;7150000;52.484904;13.431792;Grundschule;23
08G02;Theodor-Storm-Schule (Grundschule);12043;Hobrechtstr. 76;5560000;52.486488;13.426763;Grundschule;23
08G03;Hans-Fallada-Schule (Grundschule);12059;Harzer Str. 73;7860000;52.483564;13.451851;Grundschule;23
08G05;Elbe-Schule (Grundschule);12045;Elbestr. 11;0;52.48442;13.44062;Grundschule;23
08G06;Karl-Weise-Schule (Grundschule);12049;Weisestr. 20;3670000;52.476503;13.423961;Grundschule;23
08G07;Hermann-Boddin-Schule (Grundschule);12053;Boddinstr. 55;7800000;52.480416;13.431252;Grundschule;23
08G08;Karlsgarten-Schule (Grundschule);12049;Karlsgartenstr. 7;8820000;52.482099;13.422505;Grundschule;23
08G09;Regenbogen-Schule (Grundschule);12053;Morusstr. 32;5360000;52.47578;13.43333;Grundschule;23
08G11;Schliemann-Schule (Grundschule);12355;Groß-Ziethener Chaussee 73;3740000;52.41198;13.48526;Grundschule;23
08G12;Peter-Petersen-Schule (Grundschule);12053;Jonasstr. 15;1880000;52.47189;13.43548;Grundschule;23
08G13;Bruno-Taut-Schule (Grundschule);12359;Bruno-Taut-Ring 9C;4530000;52.44095;13.44886;Grundschule;23
08G14;Konrad-Agahd-Schule (Grundschule);12053;Thomasstr. 39;2120000;52.4725;13.43556;Grundschule;23
08G15;Hermann-Sander-Schule (Grundschule);12051;Mariendorfer Weg 69;7130000;52.46416;13.43005;Grundschule;23
08G16;Hugo-Heimann-Schule;12353;Hugo-Heimann-Str. 20;5280000;52.42538;13.45705;Grundschule;23
08G17;Richard-Schule (Grundschule);12055;Richardplatz 14;3070000;52.47359;13.44439;Grundschule;23
08G18;Eduard-Mörike-Schule (Grundschule);12059;Stuttgarter Str. 35-39;7930000;52.477969;13.450143;Grundschule;23
08G19;Herman-Nohl-Schule (Grundschule);12347;Hannemannstr. 69;1960000;52.455159;13.43894;Grundschule;23
08G20;Sonnen-Schule (Grundschule);12057;Dammweg 228;4060000;52.47197;13.46714;Grundschule;23
08G21;Silberstein-Schule (Grundschule);12051;Silbersteinstr. 42;3110000;52.466965;13.434906;Grundschule;23
08G22;Schule am Regenweiher (Grundschule);12351;Johannisthaler Chaussee 328;5490000;52.42985;13.45178;Grundschule;23
08G23;Zürich-Schule (Grundschule);12347;Wederstr. 49;1900000;52.462585;13.439533;Grundschule;23
08G24;Schule am Teltowkanal (Grundschule);12347;Rungiusstr. 46;3370000;52.45925;13.44063;Grundschule;23
08G25;Michael-Ende-Schule (Grundschule);12355;Neuhofer Str. 41;4280000;52.41346;13.50984;Grundschule;23
08G26;Christoph-Ruden-Schule (Grundschule);12349;An den Achterhöfen 13;6530000;52.421067;13.435095;Grundschule;23
08G27;Oskar-Heinroth-Schule (Grundschule);12359;Rohrdommelweg 1;7950000;52.44057;13.47209;Grundschule;23
08G28;Matthias-Claudius-Schule (Grundschule);12355;Köpenicker Str. 148;5390000;52.420381;13.501675;Grundschule;23
08G29;Wetzlar-Schule (Grundschule);12351;Tischlerzeile 34;5070000;52.43092;13.44294;Grundschule;23
08G30;Schule am Sandsteinweg (Grundschule);12349;Hornblendeweg 2;7650000;52.41829;13.40469;Grundschule;23
08G31;Janusz-Korczak-Schule (Grundschule);12353;Wildhüterweg 5;8040000;52.42179;13.45659;Grundschule;23
08G33;Schule am Fliederbusch (Grundschule);12357;Kornradenstr. 2;2730000;52.42424;13.48673;Grundschule;23
08G34;Lisa-Tetzner-Schule (Grundschule);12353;Hasenhegerweg 12;7370000;52.42254;13.44504;Grundschule;
08G35;Schule in der Köllnischen Heide (Grundschule);12057;Hänselstr. 6;6650000;52.4666;13.4721;Grundschule;1
08G36;Löwenzahn-Schule (Grundschule);12055;Drorystr. 3;4860000;52.472499;13.448771;Grundschule;23
08G37;Rose-Oehmichen-Schule (Grundschule);12355;Lieselotte-Berger-Str. 65;1330000;52.401126;13.501995;Grundschule;23
08K01;Walter-Gropius-Schule (Gemeinschaftsschule);12351;Fritz-Erler-Allee 86;17000000;52.42934;13.46355;Integrierte Sekundarschule;23
08K02;Hermann-von-Helmholtz-Schule;12353;Wutzkyallee 68;14400000;52.421823;13.472974;Integrierte Sekundarschule;23
08K03;Otto-Hahn-Schule;12359;Buschkrugallee 63;3240000;52.45809;13449;Integrierte Sekundarschule;23
08K04;Heinrich-Mann-Schule;12353;Gerlinger Str. 22;6880000;52.41578;13.43231;Integrierte Sekundarschule;23
08K05;Clay-Schule;12355;Bildhauerweg 9;4580000;52.41759;13.48999;Integrierte Sekundarschule;23
08K06;Fritz-Karsen-Schule (Gemeinschaftsschule);12359;Onkel-Bräsig-Str. 76-78;18380000;52.44865;13.44389;Integrierte Sekundarschule;23
08K08;Gemeinschaftsschule auf dem Campus Rütli;12045;Rütlistr. 41;13070000;52.487309;13.434226;Integrierte Sekundarschule;23
08K09;Röntgen-Schule;12435;Wildenbruchstr. 53;8350000;52.488886;13.449558;Integrierte Sekundarschule;23
08K10;Zuckmayer-Schule;12053;Kopfstr. 55;8710000;52.4761;13.43129;Integrierte Sekundarschule;23
08K11;Alfred-Nobel-Schule;12347;Britzer Damm 164;2190000;52448;13.43469;Integrierte Sekundarschule;23
08K12;Kepler-Schule;12057;Zwillingestr. 21;4950000;52.46737;13.46477;Integrierte Sekundarschule;23
08K13;Gemeinschaftsschule Campus Efeuweg;12357;Efeuweg 34;15520000;52.427206;13.47409;Integrierte Sekundarschule;23
08S01;Adolf-Reichwein-Schule;12059;Sonnenallee 188;5350000;52.475733;13.450826;"Förderschwerp.""Lernen""";23
08S03;Herman-Nohl-Schule;12347;Hannemannstr. 69;0;52.455159;13.43894;"Förderschwerp.""Lernen""";23
08S04;Schule am Zwickauer Damm;12353;Zwickauer Damm 17-22;3770000;52422;13.48315;Integrierte Sekundarschule;23
08S05;Schule am Hasenhegerweg;12353;Hasenhegerweg 12;0;52.42254;13.44504;"Förderschwerp.""Lernen""";1
08S06;Hans-Fallada-Schule;12059;Harzer Str. 73-74;0;52.483564;13.451851;"Förderschwerp.""Lernen""";23
08S07;Schule am Bienwaldring;12349;Breitunger Weg 1;6840000;52.42178;13.42537;"Förderschwerp.""Geistige Entwicklung""";23
08S08;Schilling-Schule;12359;Paster-Behrens-Str. 81;11040000;52.442637;13.444198;Übrige Förderschwerpunkte;23
08S09;Schule an der Windmühle;12349;Buckower Damm 176;2530000;52.42741;13.43451;Integrierte Sekundarschule;23
08Y01;Albrecht-Dürer-Gymnasium;12051;Emser Str. 132-137;1830000;52.46947;13.43907;Gymnasium;23
08Y02;Albert-Schweitzer-Gymnasium;12043;Karl-Marx-Str. 14;9830000;52.4852;13.42649;Gymnasium;23
08Y03;Albert-Einstein-Gymnasium;12359;Parchimer Allee 109;15780000;52.44553;13.44245;Gymnasium;23
08Y04;Ernst-Abbe-Gymnasium;12045;Sonnenallee 79;680000;52.48349;13.43711;Gymnasium;23
08Y05;Leonardo-da-Vinci-Gymnasium;12349;Haewererweg 35;1750000;52.41623;13.42658;Gymnasium;23
08Y06;Hannah-Arendt-Gymnasium;12355;Elfriede-Kuhr-Str. 17;3800000;52.40411;13.508639;Gymnasium;23
09A01;1. Schulpraktisches Seminar Treptow-Köpenick;12557;Luisenstr. 16;0;52.44107;13.57814;Schulpraktisches Seminar;23
09A05;Treptow-Kolleg;12437;Kiefholzstr. 274;4170000;52.46818;13.48463;Volkshochschul-Kolleg;23
09G01;Bouché-Schule (Grundschule);12435;Bouchestr. 5-10;3820000;52.49327;13.45252;Grundschule;23
09G03;Schule am Heidekampgraben (Grundschule);12437;Hänselstr. 14;1900000;52.46872;13.47837;Grundschule;23
09G04;Sonnenblumen-Schule (Grundschule);12437;Radenzer Str. 16;1500000;52.46163;13.48872;Grundschule;23
09G05;Schule am Ginkobaum (Grundschule);12487;Springbornstr. 250;1040000;52.44014;13.4979;Grundschule;23
09G06;Melli-Beese-Schule (Grundschule);12487;Engelhardstr. 18;2790000;52.44696;13.51031;Grundschule;23
09G07;Schule an der alten Feuerwache (Grundschule);12439;Schnellerstr. 31;3830000;52.45459;13.51379;Grundschule;23
09G09;Heide-Schule (Grundschule);12489;Florian-Geyer-Str. 87;6510000;52.438648;13.543713;Grundschule;23
09G10;Schule am Berg (Grundschule);12524;Köpenicker Str. 31;3230000;52.41866;13.538044;Grundschule;23
09G11;Schule am Pegasuseck (Grundschule);12524;Pegasuseck 5;3060000;52.40638;13.5294;Grundschule;23
09G13;Schule am Altglienicker Wasserturm (Grundschule);12524;Sachsenstr. 22;4440000;52.41079;13.55406;Grundschule;23
09G14;Schule am Buntzelberg (Grundschule);12526;Schulzendorfer Str. 112;4500000;52.40671;13.57427;Grundschule;23
09G15;Schule am Mohnweg (Grundschule);12524;Mohnweg 20;3340000;52.40733;13.53679;Grundschule;23
09G16;Wendenschloß-Schule (Grundschule);12557;Köpenzeile 123;4470000;52.42845;13.5953;Grundschule;23
09G17;Uhlenhorst-Grundschule;12555;Wongrowitzer Steig 37;1360000;52.467512;13.579352;Grundschule;23
09G18;Schule in der Köllnischen Vorstadt (Grundschule);12557;Rudower Str. 201;3010000;52.43946;13.56429;Grundschule;23
09G19;Amtsfeld-Schule (Grundschule);12559;Pablo-Neruda-Str. 8;2980000;52.44262;13.58891;Grundschule;23
09G20;Müggelheimer Schule (Grundschule);12559;Odernheimer Str. 28;4080000;52.41469;13.66739;Grundschule;23
09G21;Edison-Grundschule;12459;Wattstr. 69-70;3360000;52.46607;13.50886;Grundschule;23
09G22;Schule an der Wuhlheide (Grundschule);12459;Kottmeierstr. 2;3420000;52.462579;13.524106;Grundschule;23
09G23;Hauptmann-von-Köpenick-Schule (Grundschule);12555;Borgmannstr. 2;1490000;52.45624;13.58095;Grundschule;23
09G24;Müggelsee-Schule (Grundschule);12587;Aßmannstr. 63;2870000;52.45072;13.62746;Grundschule;23
09G25;Müggelschlößchen-Schule (Grundschule);12559;Alfred-Randt-Str. 56;6960000;52.43884;13.6059;Grundschule;1
09G26;Schule an den Püttbergen (Grundschule);12589;Fürstenwalder Allee 182;5660000;52.43385;13.70158;Grundschule;23
09G27;Friedrichshagener Schule (Grundschule);12587;Peter-Hille-Str. 7;5030000;52.454606;13.621399;Grundschule;23
09G29;Schmöckwitzer Insel-Schule (Grundschule);12527;Adlergestell 776;4640000;52.376769;13.647546;Grundschule;23
09G30;Kiefholz-Grundschule;12435;Kiefholzstr. 45;950000;52.48626;13.45609;Grundschule;23
09K01;Merian-Schule (Integrierte Sekundarschule);12555;Hoernlestr. 80;12080000;52.46431;13.57643;Integrierte Sekundarschule;23
09K02;Anna-Seghers-Schule (Gemeinschaftsschule);12489;Radickestr. 43;8100000;52.435416;13.548246;Integrierte Sekundarschule;23
09K03;Fritz-Kühn-Schule (Integrierte Sekundarschule);12526;Dahmestr. 45;3380000;52.40141;13.5647;Integrierte Sekundarschule;23
09K04;Isaac-Newton-Schule (Integrierte Sekundarschule);12459;Zeppelinstr. 76-80;6470000;52.4659;13.51817;Integrierte Sekundarschule;23
09K05;Wilhelm-Bölsche-Schule (Integrierte Sekundarschule);12587;Aßmannstr. 11;6300000;52.45109;13.61894;Integrierte Sekundarschule;23
09K06;Hans-Grade-Schule (Integrierte Sekundarschule);12487;Heubergerweg 37;0;52.444484;13.499022;Integrierte Sekundarschule;23
09K07;Sophie-Brahe-Schule (Gemeinschaftsschule);12435;Am Plänterwald 17-23;5940000;52.48171;13.47804;Integrierte Sekundarschule;23
09K08;Schule an der Dahme (Integrierte Sekundarschule);12557;Glienicker Str. 24 -30;5240000;52.44056;13.56727;Integrierte Sekundarschule;23
09K09;Grünauer Schule (Gemeinschaftsschule);12527;Walchenseestr. 40;6330000;52.419368;13.576124;Integrierte Sekundarschule;23
09S03;Albatros-Schule;12459;Treskowallee 222;1110000;52.471245;13.516154;"Förderschwerp.""Geistige Entwicklung""";23
09S04;Ahorn-Schule;12587;Peter-Hille-Str. 118;4020000;52.44782;13.61966;Übrige Förderschwerpunkte;23
09S05;Schule am Altglienicker Wasserturm (Förderzentrum);12524;Sachsenstr. 22;0;52.41079;13.55406;"Förderschwerp.""Lernen""";23
09S06;6. Schule;12437;Köpenicker Landstr. 185A;3240000;52.473436;13.48707;Grundschule;23
09Y03;Archenhold-Gymnasium;12439;Rudower Str. 7;4530000;52.4514;13.52271;Gymnasium;23
09Y04;Anne-Frank-Gymnasium;12524;Uranusstr. 15 -17;2040000;52.399327;13.525296;Gymnasium;23
09Y05;Alexander-von-Humboldt-Gymnasium;12555;Oberspreestr. 173;7520000;52.445252;13.566972;Gymnasium;23
09Y06;Gerhart-Hauptmann-Gymnasium;12587;Bruno-Wille-Str. 37-45;6340000;52.45227;13.63269;Gymnasium;23
09Y10;Gebrüder-Montgolfier-Gymnasium;12487;Ellernweg 20-22;1460000;52.44833;13.50379;Gymnasium;23
09Y11;Emmy-Noether-Gymnasium;12559;Pablo-Neruda-Str. 6-7;6250000;52.44275;13.588735;Gymnasium;23
10A04;Victor-Klemperer-Kolleg;12681;Martha-Arendsee-Str. 15;3010000;52.5363;13.53885;Volkshochschul-Kolleg;23
10G01;Paavo-Nurmi-Grundschule;12689;Schorfheidestr. 42;5940000;52.54728;13.56405;Grundschule;23
10G03;Selma-Lagerlöf-Grundschule;12689;Wörlitzer Str. 31;3960000;52.56767;13.57023;Marzahn-Hellersdorf;23
10G04;Falken-Grundschule;12689;Geraer Ring 2;5440000;52.56593;13.5564;Grundschule;23
10G05;Ebereschen-Grundschule;12689;Borkheider Str. 27;3510000;52.56407;13.57294;Grundschule;23
10G06;Bruno-Bettelheim-Grundschule (Gemeinschaftsschule);12687;Schleusinger Str. 17;0;52.557763;13.561873;Grundschule;23
10G07;Karl-Friedrich-Friesen-Grundschule;12687;Max-Herrmann-Str. 5;0;52.55335;13.56415;Grundschule;23
10G08;Wilhelm-Busch-Grundschule;12679;Parsteiner Ring 24;3470000;52.55325;13.58137;Grundschule;23
10G09;Grundschule am Bürgerpark;12679;Jan-Petersen-Str. 18B;2100000;52.55062;13.56569;Grundschule;23
10G10;Peter-Pan-Grundschule;12679;Stolzenhagener Str. 9;2640000;52.548156;13.551672;Grundschule;23
10G11;Grundschule an der Mühle;12685;Kienbergstr. 59;4060000;52.53976;13.5657;Grundschule;23
10G12;Grundschule an der Geißenweide;12685;Amanlisweg 40;2960000;52.537783;13.551797;Grundschule;23
10G13;Johann-Strauss-Grundschule;12683;Cecilienstr. 81;0;52.52982;13.55966;Grundschule;23
10G14;Grundschule unter dem Regenbogen;12681;Murtzaner Ring 37;5940000;52.5301;13.54212;Grundschule;23
10G16;Grundschule am Fuchsberg;12683;Dankratweg 19;3120000;52.49039;13.551484;Grundschule;23
10G17;Beatrix-Potter-Grundschule;12629;Ludwigsfelder Str. 7;5630000;52.54682;13.58926;Grundschule;23
10G18;Pusteblume-Grundschule;12627;Kastanienallee 118;0;52.54256;13.6001;Grundschule;23
10G19;Bücherwurm-Schule am Weiher (Grundschule);12627;Eilenburger Str. 1;5930000;52.54068;13.62913;Grundschule;23
10G22;Kolibri-Grundschule;12627;Schönewalder Str. 9;0;52.532527;13.618558;Grundschule;23
10G25;Grundschule am Schleipfuhl;12627;Nossener Str. 85;4130000;52.52913;13.6081;Grundschule;23
10G26;Friedrich-Schiller-Grundschule;12623;An der Schule 13-17;3690000;52.5115;13.614782;Grundschule;23
10G28;Grundschule am Hollerbusch;12619;Erich-Kästner-Str. 64;7280000;52.52593;13.59512;Grundschule;23
10G29;Grundschule an der Wuhle;12619;Teterower Ring 79;1330000;52.52118;13.58041;Grundschule;23
10G30;Mahlsdorfer Grundschule;12623;Feldrain 47;3970000;52.522102;13.628787;Grundschule;23
10G31;Franz-Carl-Achard-Grundschule;12689;Flämingstr. 16-18;1370000;52.56382;13.56592;Grundschule;23
10G32;Kiekemal-Schule (Grundschule);12623;Hultschiner Damm 219;330000;52.49407;13.60915;Grundschule;23
10G33;Ulmen-Grundschule;12621;Ulmenstr. 79-85;4350000;52.48584;13.58006;Grundschule;23
10G34;Schule am grünen Stadtrand;12689;Geraer Ring 54;7440000;52.56973;13.56193;"Förderschwerp.""Lernen""";23
10K01;Rudolf-Virchow-Schule;12679;Glambecker Ring 90;3520000;52.5555;13.57573;Integrierte Sekundarschule;23
10K02;Ernst-Haeckel-Schule;12629;Luckenwalder Str. 53;10250000;52.54322;13.58574;Integrierte Sekundarschule;23
10K03;Kerschensteiner-Schule;12689;Golliner Str. 2;5130000;52.56681;13.579505;Integrierte Sekundarschule;23
10K04;Thüringen-Schule (Gemeinschaftsschule);12687;Liebensteiner Str. 24;3620000;52.55821;13.5601;Integrierte Sekundarschule;23
10K05;Jean-Piaget-Schule;12629;Mittenwalder Str. 5;7390000;52.54542;13.59615;Integrierte Sekundarschule;23
10K06;Georg-Klingenberg-Schule;12683;Alberichstr. 24;4560000;52.49015;13.55783;Integrierte Sekundarschule;23
10K07;Caspar-David-Friedrich-Schule;12629;Alte Hellersdorfer Str. 7;1130000;52.535223;13.591017;Integrierte Sekundarschule;23
10K08;Johann-Julius-Hecker-Schule;12689;Hohenwalder Str. 2;360000;52.56993;13.57866;Integrierte Sekundarschule;23
10K09;Konrad-Wachsmann-Schule;12627;Geithainer Str. 12;3320000;52.529047;13.622082;Integrierte Sekundarschule;23
10K10;Wolfgang-Amadeus-Mozart-Schule (Gemeinschaftsschule);12627;Cottbusser Str. 23;6290000;52.53699;13.59663;Integrierte Sekundarschule;23
10K11;Marcana-Schule (Gemeinschaftsschule);12689;Flämingstr. 16-18;2100000;52.56382;13.56592;Integrierte Sekundarschule;23
10S04;Schule am Pappelhof;12683;Ketschendorfer Weg 21;3160000;52.531157;13.553338;"Förderschwerp.""Geistige Entwicklung""";23
10S07;Schule am Rosenhain;12627;Klingenthaler Str. 32;2630000;52.53;13.60199;Integrierte Sekundarschule;23
10S08;Schule am Mummelsoll;12627;Eilenburger Str. 4;0;52.540282;13.629414;"Förderschwerp.""Geistige Entwicklung""";23
10Y01;Tagore-Gymnasium;12687;Sella-Hasse-Str. 25;3560000;52.55271;13.55658;Gymnasium;23
10Y02;Otto-Nagel-Gymnasium;12683;Schulstr. 11;2670000;52.511922;13.549199;Gymnasium;23
10Y03;Wilhelm-von-Siemens-Gymnasium;12683;Allee der Kosmonauten 134;450000;52.533571;13.551106;Gymnasium;23
10Y08;Sartre-Gymnasium;12629;Kyritzer Str. 103;540000;52.54332;13.59106;Gymnasium;23
10Y11;Melanchthon-Gymnasium;12627;Adele-Sandrock-Str. 73-75;8090000;52.534367;13.618584;Gymnasium;23
11G01;Sonnenuhr-Grundschule;10369;Franz-Jacob-Str. 33;3670000;52.52933;13.46695;Grundschule;23
11G02;Grundschule am Roederplatz;10367;Bernhard-Bästlein-Str. 22;4900000;52.52899;13.48214;Grundschule;23
11G03;Grundschule im Gutspark;10367;Josef-Orlopp-Str. 20;1580000;52.52237;13.48307;Grundschule;23
11G05;Grundschule auf dem lichten Berg;10365;Atzpodienstr. 19;2080000;52.51686;13.49421;Grundschule;23
11G06;Adam-Ries-Grundschule;10315;Alt-Friedrichsfelde 66;5130000;52.5114;13.53125;Grundschule;23
11G07;Hermann-Gmeiner-Grundschule;10365;Harnackstr. 17;0;52.5101;13.48594;Grundschule;23
11G08;Robinson-Grundschule;10317;Wönnichstr. 7;2700000;52.510047;13.50046;Grundschule;23
11G09;Bürgermeister-Ziethen-Grundschule;10315;Massower Str. 39;2150000;52.50818;13.51665;Grundschule;23
11G10;Schule im Ostseekarree (Grundschule);13051;Barther Str. 27;1580000;52.56409;13.50024;Grundschule;23
11G11;Bernhard-Grzimek-Grundschule;10319;Sewanstr. 184;4040000;52.49572;13.51176;Grundschule;23
11G12;Lew-Tolstoi-Grundschule;10318;Römerweg 120;1180000;52.49199;13.53678;Grundschule;23
11G13;Karlshorster Grundschule;10318;Lisztstr. 6;230000;52.48925;13.51994;Grundschule;23
11G14;Richard-Wagner-Grundschule;10318;Ehrenfelsstr. 36;3700000;52.479326;13.53427;Grundschule;23
11G16;Schule an der Victoriastadt;10317;Nöldnerstr. 44;2450000;52.50159;13.48054;Grundschule;23
11G17;Brodowin-Grundschule;13055;Liebenwalder Str. 22;4950000;52.53738;13.50067;Grundschule;23
11G18;Grundschule am Wilhelmsberg;13055;Sandinostr. 8;4770000;52.537206;13.483664;Grundschule;23
11G19;Obersee-Grundschule;13053;Roedernstr. 69-72;0;52.543711;13.488079;Grundschule;23
11G21;Schule Am Faulen See;13053;Degnerstr. 71;1150000;52.5521;13.49837;Grundschule;23
11G22;Martin-Niemöller-Grundschule;13053;Am Breiten Luch 5;4610000;52.56339;13.51209;Grundschule;23
11G23;Friedrichsfelder Grundschule;10315;Lincolnstr. 67;3320000;52503;13.50355;Grundschule;23
11G25;Grundschule am Wäldchen;13051;Wustrower Str. 28;1560000;52.56846;13.50628;Grundschule;23
11G26;Randow-Grundschule;13057;Randowstr. 45;1430000;52.56405;13.51904;Grundschule;23
11G28;Feldmark-Schule (Grundschule);13057;Wartiner Str. 23;2670000;52.569161;13.531731;Grundschule;23
11G29;Matibi-Grundschule;13059;Prendener Str. 15;1870000;52.5724;13.52072;Grundschule;23
11G31;Schmetterlings-Grundschule;10319;Dolgenseestr. 60;0;52.49417;13.50546;Grundschule;23
11K01;Alexander-Puschkin-Schule;10315;Massower Str. 37;7250000;52.50795;13.51556;Integrierte Sekundarschule;23
11K02;Mildred-Harnack-Schule;10365;Schulze-Boysen-Str. 12;8280000;52.511321;13.481213;Integrierte Sekundarschule;23
11K04;Gutenberg-Schule;13055;Sandinostr. 10;6250000;52.53573;13.48743;Integrierte Sekundarschule;23
11K05;Fritz-Reuter-Schule;13059;Prendener Str. 29;400000;52.570237;13.52104;Integrierte Sekundarschule;23
11K06;Schule am Rathaus;10367;Rathausstr. 8;3250000;52.515892;13.48038;Integrierte Sekundarschule;23
11K07;Vincent-van-Gogh-Schule (Integrierte Sekundarschule);13051;Wustrower Str. 26;6790000;52.5678;13.50702;Integrierte Sekundarschule;23
11K08;George-Orwell-Schule;10319;Sewanstr. 223;2610000;52.496354;13.514933;Integrierte Sekundarschule;23
11K09;Philipp-Reis-Schule (Integrierte Sekundarschule);13055;Werneuchener Str. 15;5060000;52.53952;13.49572;Integrierte Sekundarschule;23
11K10;Grüner Campus Malchow (Gemeinschaftsschule);13051;Malchower Chaussee 2;11830000;52.569831;13.479469;Integrierte Sekundarschule;23
11K11;Paul-Schmidt-Schule (Integrierte Sekundarschule);13053;Malchower Weg 54;4320000;52.55475;13.50438;Integrierte Sekundarschule;23
11K12;Paul-und-Charlotte-Kniese-Schule (Gemeinschaftsschule);10319;Erich-Kurz-Str. 6-10;0;52.498846;13.519748;"Förderschwerp.""Geistige Entwicklung""";23
11S02;Schule am Fennpfuhl;10369;Alfred-Jung-Str. 19;4400000;52.52392;13.4769;"Förderschwerp.""Lernen""";23
11S04;Paul-und-Charlotte-Kniese-Schule;10319;Erich-Kurz-Str. 6-10;1480000;52.498846;13.519748;Übrige Förderschwerpunkte;23
11S05;Schule am grünen Grund;10365;Herzbergstr. 79;660000;52.52822;13.50858;Übrige Förderschwerpunkte;23
11S06;Selma-Lagerlöf-Schule;10367;Bernhard-Bästlein-Str. 56;5480000;52.53183;13.47998;Übrige Förderschwerpunkte;23
11S07;Carl-von-Linné-Schule;10367;Paul-Junius-Str. 15;1280000;52.5217;13.47301;Berufsschule mit sonderpäd. Aufgaben;23
11S08;Schule Am Breiten Luch;13053;Am Breiten Luch 19;5430000;52.5627;13.5136;Grundschule;23
11S12;Nils-Holgersson-Schule;10369;Otto-Marquardt-Str. 12-14;0;52.53405;13.47214;"Förderschwerp.""Geistige Entwicklung""";23
11Y02;Johann-Gottfried-Herder-Gymnasium;10369;Franz-Jacob-Str. 8;1480000;52.52671;13.467245;Gymnasium;23
11Y05;Hans-und-Hilde-Coppi-Oberschule;10318;Römerweg 30-32;10340000;52.4918;13.52343;Gymnasium;23
11Y09;Barnim-Gymnasium;13057;Ahrensfelder Chaussee 41;300000;52.569201;13.549303;Gymnasium;23
11Y10;Manfred-von-Ardenne-Gymnasium;13055;Werneuchener Str. 27-28;10660000;52.54188;13.49242;Gymnasium;23
11Y11;Immanuel-Kant-Gymnasium;10317;Lückstr. 63;7240000;52.501956;13.489635;Gymnasium;23
12G01;Havelmüller-Grundschule;13507;Namslaustr. 49-57;4040000;52.578512;13.284936;Grundschule;23
12G02;Grundschule am Schäfersee;13407;Baseler Str. 2-6;6650000;52.5622;13.3554;Grundschule;23
12G03;Reginhard-Grundschule;13409;Letteallee 39-41;2850000;52.563219;13.370292;Grundschule;23
12G04;Till-Eulenspiegel-Grundschule;13407;Humboldtstr. 8-13;5530000;52.5732;13.3423;Grundschule;23
12G05;Kolumbus-Grundschule;13409;Büchsenweg 23A;4870000;52.57569;13.36622;Grundschule;23
12G06;Hausotter-Grundschule;13409;Hausotterplatz 4;4660000;52.56963;13.375634;Grundschule;23
12G07;Mark-Twain-Grundschule;13403;Auguste-Viktoria-Allee 95;4890000;52.56864;13.3264;Grundschule;23
12G09;Grundschule an der Peckwisch;13439;Tornower Weg 26-34;4640000;52.59299;13.34869;Grundschule;23
12G10;Peter-Witte-Grundschule;13437;Rathauspromenade 75;6200000;52.5863;13.33039;Grundschule;23
12G11;Ringelnatz-Grundschule;13437;Wilhelm-Gericke-Str. 7;3840000;52.5861;13.33753;Grundschule;23
12G12;Borsigwalder Grundschule;13509;Miraustr. 100;2840000;52.58822;13.30561;Grundschule;23
12G13;Franz-Marc-Grundschule;13507;Treskowstr. 26-31;7770000;52.58822;13.2828;Grundschule;23
12G14;Alfred-Brehm-Grundschule;13507;Ascheberger Weg 8A;3660000;52.57359;13.28368;Grundschule;23
12G15;Hoffmann-von-Fallersleben-Grundschule;13509;Ziekowstr. 80-88;4530000;52.58744;13.29515;Grundschule;23
12G17;Ellef-Ringnes-Grundschule;13503;Im Erpelgrund 11-17;4780000;52.60802;13.23202;Grundschule;23
12G18;Grundschule am Tegelschen Ort;13505;Gerlindeweg 11-23;4910000;52.576181;13.228007;Grundschule;23
12G19;Münchhausen-Grundschule;13469;Artemisstr. 22-26;5570000;52.60851;13.31718;Grundschule;23
12G20;Grundschule am Vierrutenberg;13469;Am Vierrutenberg 59-65;2970000;52.617516;13.339396;Grundschule;23
12G21;Grundschule am Fließtal;13467;Seebadstr. 42-43;4120000;52.61528;13.32062;Grundschule;23
12G22;Gustav-Dreyer-Grundschule;13467;Freiherr-vom-Stein-Str. 31;6220000;52.61309;13.30379;Grundschule;1
12G23;Victor-Gollancz-Grundschule;13465;Gollanczstr. 18-24;6060000;52.63826;13.28757;Grundschule;23
12G24;Renée-Sintenis-Grundschule;13465;Laurinsteig 39-45;4630000;52.63695;13.27237;Grundschule;23
12G26;Märkische Grundschule;13439;Dannenwalder Weg 163-165;4850000;52.5952;13.36016;Grundschule;23
12G27;Chamisso-Grundschule;13435;Senftenberger Ring 27;5810000;52.60169;13.35807;Grundschule;23
12G28;Grundschule in den Rollbergen;13469;Waldshuter Zeile 6;6230000;52.609905;13.335731;Grundschule;23
12G29;Hermann-Schulz-Grundschule;13403;Kienhorststr. 67-79;7060000;52.57359;13.32554;Grundschule;23
12G30;Reineke-Fuchs-Grundschule;13403;Foxweg 15;6200000;52574;13.30985;Grundschule;23
12G32;Charlie-Chaplin-Grundschule;13439;Wilhelmsruher Damm 90-94;2840000;52.59744;13.36465;Grundschule;23
12G33;Lauterbach-Grundschule;13435;Senftenberger Ring 41;9550000;52.603879;13.359443;Grundschule;23
12G34;Otfried-Preußler-Grundschule;13503;Schulzendorfer Str. 99;5210000;52.613129;13.227141;Grundschule;23
12K01;Julius-Leber-Schule;13507;Treskowstr. 26-31;0;52.58822;13.2828;Integrierte Sekundarschule;23
12K02;Bettina-von-Arnim-Schule;13435;Senftenberger Ring 49;18520000;52.60511;13.35859;Integrierte Sekundarschule;1
12K03;Max-Beckmann-Schule (Integrierte Sekundarschule);13403;Auguste-Viktoria-Allee 37;9370000;52.57153;13.31463;Integrierte Sekundarschule;23
12K04;Paul-Löbe-Schule;13407;Lindauer Allee 23-25;10650000;52.57316;13.35461;Integrierte Sekundarschule;23
12K05;Gustav-Freytag-Schule (Integrierte Sekundarschule);13409;Breitkopfstr. 66-80;7980000;52.56976;13.36575;Integrierte Sekundarschule;1
12K06;Benjamin-Franklin-Schule (Integrierte Sekundarschule);13509;Sommerfelder Str. 5-7;7170000;52.581447;13.300983;Integrierte Sekundarschule;23
12K07;Jean-Krämer-Schule (Integrierte Sekundarschule) Wittenau;13437;Alt-Wittenau 8-12;10670000;52.58995;13.33545;Integrierte Sekundarschule;23
12K09;Carl-Benz-Schule (Integrierte Sekundarschule);13467;Heidenheimer Str. 53-54;8980000;52.615646;13.298748;Integrierte Sekundarschule;23
12K10;Carl-Bosch-Schule;13467;Frohnauer Str. 74-80;8440000;52.62349;13.29375;Integrierte Sekundarschule;23
12K11;Albrecht-Haushofer-Schule;13503;Kurzebracker Weg 40-46;11870000;52.61914;13.22771;Integrierte Sekundarschule;23
12K12;Campus Hannah Höch (Gemeinschaftsschule);13435;Finsterwalder Str. 52-56;11180000;52.60028;13.34229;Integrierte Sekundarschule;23
12S01;Stötzner-Schule;13509;Tietzstr. 26-28;3470000;52.584273;13.304873;"Förderschwerp.""Lernen""";23
12S02;Richard-Keller-Schule;13467;Olafstr. 32-34;2840000;52.62034;13.30794;"Förderschwerp.""Lernen""";23
12S03;Lauterbach-Schule;13435;Senftenberger Ring 41;750000;52.603879;13.359443;Übrige Förderschwerpunkte;23
12S04;Schule am Park;13437;Eichborndamm 276-284;4700000;52.594285;13.330313;"Förderschwerp.""Geistige Entwicklung""";23
12S05;Wiesengrund-Schule;13467;Frohnauer Str. 74-80;0;52.62349;13.29375;Übrige Förderschwerpunkte;23
12S06;Toulouse-Lautrec-Schule;13509;Miraustr. 120-126;8940000;52.58901;13.30389;Übrige Förderschwerpunkte;1
12Y01;Friedrich-Engels-Gymnasium;13407;Emmentaler Str. 67;12690000;52.56959;13.35743;Gymnasium;1
12Y02;Europäisches Gymnasium Bertha-von-Suttner;13409;Reginhardstr. 172;10740000;52.57145;13.36873;Gymnasium;23
12Y03;Humboldt-Gymnasium;13509;Hatzfeldtallee 2-4;11560000;52.59176;13.28891;Gymnasium;23
12Y04;Gabriele-von-Bülow-Gymnasium;13509;Tile-Brügge-Weg 63;8690000;52.592148;13.297061;Gymnasium;23
12Y05;Georg-Herwegh-Gymnasium;13467;Fellbacher Str. 18-19;7670000;52.616834;13.303382;Gymnasium;23
12Y07;Romain-Rolland-Gymnasium;13469;Place Moliere 4;16370000;52.598998;13.317865;Gymnasium;23
12Y08;Thomas-Mann-Gymnasium;13439;Königshorster Str. 10;16100000;52.59848;13.35224;Gymnasium;1