Gebäudenummer,Schulnummer,Schulart,Schulname,Straße,PLZ,Bauwerk,NF,GF,NGF,BGF,Grundstücksfläche,BauPrio Bauwerk,BauPrio TGA,BauPrio Außen,Bauprio Summe,SchulPrio Fachraum,SchulPrio Sanitär,SchulPrio Ganztag Essen,SchulPrio Summe,Priorität Gesamt,Priorität Wertung,Fenster Fläche,Faktor Flächenanteil,Kostenpauschale,Sanierung notwendig,Fenster Kosten,Gebäude Höhe in m,Gebäude Umfang in m aus Conject,Fassaden Fläche,Fassaden Fläche ohne Fenster,Faktor Flächenanteil,Kostenpauschale,Sanierung notwendig,Fassaden Kosten,Dachart,Dachfläche,€/Einheit,Sanierung Dach notwendig,Dach Kosten,Aufzug Kosten,Rampe Anzahl,Rampe Kosten,Eingang Anzahl,Eingang Kosten,Sanierung Türbreiten notwendig,Türen Kosten,BWC Anzahl,BWC Kosten,Zwischensumme Barrierefreiheit Kosten,zweiter Rettungsweg Kosten,Räume Nutzfläche BGF,Räume Kostenpauschale,Sanierung notw.,Räume Kosten,Sanitärfläche,Sanitär Sanierungsjahr,bereits sanierte Fläche in %,Fläche nicht saniert,Sanitär Kosten,Zeile Verknüpfung,Kapitel,löschen,ausblenden Bungalow Schuppen,,Räume Nutzfläche,Räume Kostenpauschale,Sanierung notw.,Räume Kosten,
1160901,11Y09,Oberschule,Barnim-Schule,Ahrensfelder Chaussee 41,13057,Schule,5733,5396,"9019,81","10078,25",37704,4,2,,6,,,,0,4,,1634,1,700,0,0 T€,10,460,4600,2966,1,300,0,0 T€,Flach,5396,150,0,0 T€,0 T€,0,0 T€,1,50 T€,1,200 T€,2,50 T€,300 T€,0 T€,"10078,25",750,0,0 T€,178,2002,100,0,0 T€,2,3700,,,,5555,750,0,0 T€,300 T€
1160902,11Y09,Oberschule,Barnim-Schule,Ahrensfelder Chaussee 41,13057,Sporthalle,3812,3739,"4383,24","5024,55",0,4,2,,6,,,,0,4,,572,1,700,0,,10,450,,4500,1,300,0,0 T€,Flach,3739,150,0,0 T€,0 T€,0,0 T€,1,50 T€,0,0 T€,,0 T€,50 T€,0 T€,"5024,55",750,0,0 T€,225,2013,100,0,0 T€,3,3700,,,,3587,750,0,0 T€,50 T€
1150201,11S02,Oberschule,Schule am Fennpfuhl,Alfred-Jung-Straße 19,10369,Schule,2442,813,"3418,02",3989,9314,3,3,,6,,,,0,4,,982,1,700,0,0 T€,17,170,2890,1908,1,300,0,0 T€,Flach,813,150,0,0 T€,200 T€,1,20 T€,1,50 T€,1,200 T€,5,125 T€,595 T€,150 T€,"3988,91",750,1,2.992 T€,177,2005,100,0,0 T€,5,3700,,,,2265,750,1,1.699 T€,5.120 T€
1150202,11S02,Oberschule,Schule am Fennpfuhl,Alfred-Jung-Straße 19,10369,Sporthalle,767,749,"876,03",990,0,2,2,,4,,,,0,3,,193,1,700,1,,7,110,770,577,1,300,0,0 T€,VT,749,350,0,0 T€,0 T€,1,20 T€,1,50 T€,0,0 T€,,0 T€,0 T€,0 T€,"989,62",750,0,0 T€,105,,,105,0 T€,6,3700,,,,663,750,0,0 T€,2.100 T€
1110601,11G06,Grundschule,Adam-Ries-Schule,Alt-Friedrichsfelde 66,10315,Schule,2457,830,"3496,3",3832,11675,2,2,,4,,,,0,3,,1113,1,700,1,779 T€,17,160,2720,1607,1,300,1,482 T€,Flach,830,150,1,124 T€,200 T€,1,20 T€,1,50 T€,1,200 T€,5,125 T€,595 T€,150 T€,"3831,5",350,1,1.341 T€,159,2012,100,0,0 T€,16,3700,,,,2298,350,1,804 T€,3.472 T€
1110602,11G06,Grundschule,Adam-Ries-Schule,Alt-Friedrichsfelde 66,10315,Sporthalle,749,756,"904,68",984,0,1,1,,2,,,,0,1,,170,1,700,1,,7,116,810,640,1,300,0,0 T€,VT,756,350,0,0 T€,0 T€,1,20 T€,1,50 T€,0,0 T€,,0 T€,0 T€,0 T€,"983,51",350,0,0 T€,65,,,65,0 T€,17,3700,,,,683,350,0,0 T€,2.100 T€
1150801,11S08,Oberschule,Schule Am Breiten Luch,Am breiten Luch 19,13053,Schule,2602,1057,"3691,27",4134,12532,3,3,,6,,,,0,4,,685,1,700,0,0 T€,13,146,1898,1213,1,300,0,0 T€,Flach,1057,150,0,0 T€,200 T€,1,20 T€,1,50 T€,1,200 T€,4,100 T€,570 T€,0 T€,"4134,05",750,1,3.101 T€,137,2011,100,0,0 T€,22,3700,,,,2465,750,1,1.849 T€,4.527 T€
1150802,11S08,Oberschule,Schule Am Breiten Luch,Am breiten Luch 19,13053,Sporthalle,754,757,"911,11",987,0,1,1,,2,,,,0,1,,191,1,700,1,,7,,0,-191,1,300,0,0 T€,VT,757,350,0,0 T€,0 T€,1,20 T€,1,50 T€,0,0 T€,,0 T€,0 T€,0 T€,"986,91",750,0,0 T€,67,2015,100,0,0 T€,20,3700,,,,687,750,0,0 T€,2.100 T€
1150803,11S08,Oberschule,Schule Am Breiten Luch,Am breiten Luch 19,13053,MZG,499,619,"569,19",619,0,1,1,,2,,,,0,1,,107,1,700,1,75 T€,"4,5",100,448,340,1,300,1,102 T€,VT,619,350,1,217 T€,0 T€,0,0 T€,1,50 T€,1,200 T€,1,25 T€,275 T€,0 T€,"618,65",750,1,464 T€,45,,0,45,99 T€,23,3700,,,,454,750,1,341 T€,1.231 T€
1112201,11G22,Grundschule,Martin-Niemöller-Schule,Am breiten Luch 5,13053,Schule,2599,1057,"3686,74",4133,9788,3,3,,6,,,,0,4,,684,1,700,0,0 T€,13,146,1898,1214,1,300,0,0 T€,Flach,1057,150,0,0 T€,150 T€,1,20 T€,1,50 T€,1,200 T€,4,100 T€,520 T€,0 T€,"4133,2",350,1,1.447 T€,143,2011,100,0,0 T€,25,3700,,,,2456,350,1,859 T€,3.019 T€
1112202,11G22,Grundschule,Martin-Niemöller-Schule,Am breiten Luch 5,13053,Sporthalle,1201,1160,"1404,65",1508,0,3,3,,6,,,,0,4,,253,1,700,1,,7,,0,-253,1,300,0,0 T€,VT,1160,350,0,0 T€,0 T€,1,20 T€,1,50 T€,0,0 T€,,0 T€,0 T€,0 T€,"1507,86",350,0,0 T€,99,,,99,0 T€,24,3700,,,,1102,350,0,0 T€,3.200 T€
1103601,11Y05,Oberschule,Alexander-Puschkin-Schule,Am Tierpark 19,10315,Sporthalle,751,757,"908,72",986,1762,1,1,,2,,,,0,1,,193,1,700,1,,7,,0,-193,1,300,0,0 T€,VT,757,350,0,0 T€,0 T€,1,20 T€,1,50 T€,0,0 T€,,0 T€,0 T€,0 T€,"986,33",750,0,0 T€,65,0,0,65,0 T€,26,3700,,,,686,750,0,0 T€,2.195 T€
1110501,11G05,Grundschule,Schule auf dem lichten Berg,Atzpodienstraße 19,10365,Schule,2417,860,"3495,62",4012,12492,3,2,,5,,,,0,4,,992,1,700,0,0 T€,17,170,2890,1898,1,300,0,0 T€,Flach,860,150,0,0 T€,200 T€,1,20 T€,1,50 T€,1,200 T€,5,125 T€,595 T€,150 T€,"4012,38",350,1,1.404 T€,177,2008,100,0,0 T€,29,3700,,,,2240,350,1,784 T€,3.372 T€
1110502,11G05,Grundschule,Schule auf dem lichten Berg,Atzpodienstraße 19,10365,Sporthalle,749,747,"896,69",983,0,1,1,,2,,,,0,1,,183,1,700,1,,7,,0,-183,1,300,0,0 T€,VT,747,350,0,0 T€,0 T€,1,20 T€,1,50 T€,0,0 T€,,0 T€,0 T€,0 T€,"983,06",350,0,0 T€,62,,,62,0 T€,31,3700,,,,687,350,0,0 T€,2.100 T€
1105501,JVS,0,Jugendverkehrsschule,Baikalstraße  4,10319,Jugendverkehrsschule,966,588,"1282,1",1552,5941,1,1,,2,,,,0,1,,183,1,700,1,128 T€,7,132,923,739,1,300,1,222 T€,Steil,530,350,1,186 T€,150 T€,1,20 T€,1,50 T€,1,200 T€,2,50 T€,470 T€,50 T€,"1552,17",750,1,1.164 T€,32,2002,100,0,0 T€,34,3700,,,,934,750,1,701 T€,2.701 T€
1111001,11G10,Grundschule,Schule im Ostseekarree,Barther Straße 27,13051,Schule,2623,1057,"3686,61",4134,10047,3,3,,6,,,,0,4,,695,1,700,0,0 T€,13,146,1898,1203,1,300,0,0 T€,Flach,1057,150,1,159 T€,150 T€,1,20 T€,1,50 T€,1,200 T€,4,100 T€,520 T€,0 T€,"4134,05",350,1,1.447 T€,150,2008,100,0,0 T€,36,3700,,,,2473,350,1,865 T€,3.269 T€
1111002,11G10,Grundschule,Schule im Ostseekarree,Barther Straße 27,13051,Sporthalle,752,757,"910,48",987,0,1,1,,2,,,,0,1,,180,1,700,1,,7,,0,-180,1,300,0,0 T€,VT,757,350,0,0 T€,0 T€,1,20 T€,1,50 T€,0,0 T€,,0 T€,0 T€,0 T€,"986,91",350,0,0 T€,66,,,66,0 T€,35,3700,,,,686,350,0,0 T€,2.100 T€
1110201,11G02,Grundschule,Schule am Roedernplatz,Bernhard-Bästlein-Straße 22,10367,Schule,2394,846,"3418,22",3939,15004,2,2,,4,,,,0,3,,974,1,700,0,0 T€,17,170,2890,1916,1,300,1,575 T€,Flach,846,150,1,127 T€,200 T€,1,20 T€,1,50 T€,1,200 T€,5,125 T€,595 T€,150 T€,"3938,72",350,1,1.379 T€,207,1998,100,207,455 T€,39,3700,,,,2187,350,1,766 T€,4.487 T€
1110202,11G02,Grundschule,Schule am Roedernplatz,Bernhard-Bästlein-Straße 22,10367,Sporthalle,779,744,"893,58",981,0,1,1,,2,,,,0,1,,171,1,700,1,,7,,0,-171,1,300,0,0 T€,VT,744,350,0,0 T€,0 T€,1,20 T€,1,50 T€,0,0 T€,,0 T€,0 T€,0 T€,"981,2",350,0,0 T€,61,,,61,0 T€,38,3700,,,,718,350,0,0 T€,2.100 T€
1150601,11S06,Oberschule,Selma-Lagerlöf-Schule,Bernhard-Bästlein-Straße 56-58,10367,Schule,2419,855,"3487,97",4001,8927,2,2,,4,,,,0,3,,1062,1,700,0,0 T€,17,170,2890,1828,1,300,0,0 T€,Flach,855,150,0,0 T€,200 T€,1,20 T€,1,50 T€,1,200 T€,5,125 T€,595 T€,150 T€,"4001,09",750,1,3.001 T€,183,2003,100,0,0 T€,40,3700,,,,2236,750,1,1.677 T€,4.676 T€
1150602,11S06,Oberschule,Selma-Lagerlöf-Schule,Bernhard-Bästlein-Straße 56-58,10367,Sporthalle,1221,1174,"1401,82",1535,0,1,1,,2,,,,0,1,,226,1,700,0,,7,,0,-226,1,300,0,0 T€,VT,1174,350,0,0 T€,0 T€,1,20 T€,1,50 T€,0,0 T€,,0 T€,0 T€,0 T€,"1534,54",750,0,0 T€,115,0,0,115,0 T€,41,3700,,,,1105,750,0,0 T€,3.200 T€
1112101,11G21,Grundschule,Schule Am Faulen See,Degnerstraße 71,13053,Schule,2342,854,"3363,25",3939,14193,3,3,,6,,,,0,4,,888,1,350,1,311 T€,17,170,2890,2002,1,300,0,0 T€,Flach,854,150,0,0 T€,200 T€,1,20 T€,1,50 T€,1,200 T€,5,125 T€,595 T€,150 T€,"3939,25",350,0,0 T€,227,2002,100,0,0 T€,50,3700,,,,2115,350,0,0 T€,1.056 T€
1112102,11G21,Grundschule,Schule Am Faulen See,Degnerstraße 71,13053,Sporthalle,762,763,"872,13",1020,0,3,3,,6,,,,0,4,,161,1,700,0,,7,,0,-161,1,300,0,0 T€,VT,722,350,0,0 T€,0 T€,1,20 T€,1,50 T€,0,0 T€,,0 T€,70 T€,0 T€,"1019,82",350,0,0 T€,110,0,0,110,0 T€,51,3700,,,,652,350,0,0 T€,70 T€
1112402,11K10,Oberschule,Filiale Grüner Campus Malchow,Doberaner Str 58 – Grundschule,13051,Schule,2594,1057,"3692,84",4134,14608,3,3,,6,,,,0,4,,683,1,700,0,0 T€,13,146,1898,1215,1,300,0,0 T€,Flach,1057,150,0,0 T€,200 T€,1,20 T€,1,50 T€,1,200 T€,4,100 T€,570 T€,0 T€,"4133,58",750,1,3.100 T€,161,2008,100,0,0 T€,54,3700,,,,2433,750,1,1.825 T€,4.882 T€
1151001,11K10,Oberschule,Filiale Grüner Campus Malchow,Doberaner Straße 53,13051,Schule,2625,1057,"3677,18",4134,5808,3,3,,6,,,,0,4,,696,1,700,0,0 T€,13,146,1898,1202,1,300,0,0 T€,Flach,1057,150,0,0 T€,200 T€,1,20 T€,1,50 T€,1,200 T€,4,100 T€,570 T€,0 T€,"4133,58",750,1,3.100 T€,144,2012,100,0,0 T€,56,3700,,,,2481,750,1,1.861 T€,4.531 T€
1151002,11K10,Oberschule,Filiale Grüner Campus Malchow,Doberaner Straße 53,13051,Sporthalle,722,904,968,1175,999,3,3,,6,,,,0,4,,153,1,700,0,,7,,0,-153,1,300,0,0 T€,VT,904,350,0,0 T€,0 T€,0,0 T€,1,50 T€,0,0 T€,,0 T€,50 T€,0 T€,"1174,51",750,0,0 T€,79,0,0,79,0 T€,55,3700,,,,642,750,0,0 T€,50 T€
1120401,11K10,Oberschule,Filiale Grüner Campus Malchow,Doberaner Straße 55,13051,Schule,2683,1058,"3766,21",4135,6967,3,3,,6,,,,0,4,,675,1,700,0,0 T€,13,146,1898,1223,1,300,0,0 T€,Flach,1058,150,0,0 T€,200 T€,1,20 T€,1,50 T€,1,200 T€,4,100 T€,570 T€,0 T€,"4134,85",750,1,3.101 T€,142,2012,100,0,0 T€,57,3700,,,,2541,750,1,1.905 T€,4.526 T€
1120402,11K10,Oberschule,Filiale Grüner Campus Malchow,Doberaner Straße 55,13051,Sporthalle,1206,1160,"1406,44",1508,0,2,2,,4,,,,0,3,,235,1,700,0,,7,,0,-235,1,300,0,0 T€,VT,1160,350,0,0 T€,0 T€,1,20 T€,1,50 T€,0,0 T€,,0 T€,0 T€,0 T€,"1507,5",750,0,0 T€,85,0,0,85,0 T€,58,3700,,,,1121,750,0,0 T€,3.200 T€
1161104,11Y11,Oberschule,Immanuel-Kant-Gymnasium,Dolgenseestraße 42,10319,Sporthalle,755,746,"897,43",983,1100,1,1,,2,,,,0,1,,183,1,700,1,,7,,0,-183,1,300,0,0 T€,VT,746,350,0,0 T€,0 T€,1,20 T€,1,50 T€,0,0 T€,,0 T€,0 T€,0 T€,"983,37",750,0,0 T€,56,,,56,0 T€,64,3700,,,,699,750,0,0 T€,2.100 T€
1161101,11S04,Oberschule,Filiale Paul-und Charlotte-Kniese-Schule,Dolgenseestraße 60,10319,Schulgebäude A,2428,912,"3523,04",4086,16583,4,4,,8,,,,0,6,,896,1,700,0,0 T€,17,170,2890,1994,1,300,0,0 T€,Flach,912,150,0,0 T€,200 T€,1,20 T€,1,50 T€,1,200 T€,5,125 T€,595 T€,0 T€,"4086,22",750,0,0 T€,161,2014,100,0,0 T€,65,3700,,,,2267,750,0,0 T€,595 T€
1161102,11S04,Oberschule,n.n.,Dolgenseestraße 60,10319,Schulgebäude B,2507,897,"3563,39","3563,39",0,4,4,,8,,,,0,6,,1054,1,700,0,0 T€,17,170,2890,1837,1,300,0,0 T€,Flach,897,150,0,0 T€,200 T€,1,20 T€,1,50 T€,1,200 T€,5,125 T€,595 T€,0 T€,"3563,39",750,0,0 T€,232,2015,100,0,-0 T€,66,3700,,,,2275,750,0,0 T€,595 T€
1161103,11S04,Oberschule,Filiale Paul-und Charlotte-Kniese-Schule,Dolgenseestraße 60,10319,Sporthalle,1221,1298,"1438,4",1699,0,4,4,,8,,,,0,6,,202,1,700,0,,7,,0,-202,1,300,0,0 T€,VT,1298,350,0,0 T€,0 T€,1,20 T€,0,0 T€,0,0 T€,,0 T€,20 T€,0 T€,"1698,56",750,0,0 T€,74,,,74,0 T€,67,3700,,,,1147,750,0,0 T€,20 T€
1111401,11G14,Grundschule,Richard-Wagner-Schule,Ehrenfelsstraße 36,10318,Schule,2540,774,"3453,16",3976,11386,3,3,,6,,,,0,4,,963,1,700,0,0 T€,17,170,2890,1927,1,300,0,0 T€,Flach,774,150,0,0 T€,200 T€,1,20 T€,1,50 T€,1,200 T€,5,125 T€,595 T€,150 T€,"3975,99",350,1,1.392 T€,157,2011,100,0,0 T€,90,3700,,,,2383,350,1,834 T€,3.424 T€
1111402,11G14,Grundschule,Richard-Wagner-Schule,Ehrenfelsstraße 36,10318,Sporthalle,756,765,"897,26",1002,0,1,1,,2,,,,0,1,,81,1,700,1,,7,,0,-81,1,300,0,0 T€,VT,765,350,0,0 T€,0 T€,1,20 T€,1,50 T€,0,0 T€,,0 T€,0 T€,0 T€,"1002,19",350,0,0 T€,67,,0,67,0 T€,88,3700,,,,689,350,0,0 T€,2.100 T€
1111404,11G14,Grundschule,Richard-Wagner-Schule,Ehrenfelsstraße 36,10318,MEB,1022,524,"1350,1",1573,0,4,4,,8,,,,0,6,,295,1,700,0,0 T€,10,93,929,635,1,300,0,0 T€,Flach,524,150,0,0 T€,0 T€,0,0 T€,1,50 T€,0,0 T€,3,75 T€,125 T€,0 T€,"1573,2",350,0,0 T€,84,2014,100,0,0 T€,91,3700,,,,938,350,0,0 T€,125 T€
1150401,11S04,Oberschule,Paul-und-Charlotte-Kniese-Schule,Erich-Kurz-Straße 6-10,10319,Schule,6252,2941,"9554,86",11130,17762,3,3,,6,,,,0,4,,1654,1,700,0,0 T€,"16,5",425,7011,5358,1,300,0,0 T€,Flach,2941,150,0,0 T€,0 T€,0,0 T€,0,0 T€,1,200 T€,5,125 T€,325 T€,0 T€,"11129,65",750,0,0 T€,526,2000,100,526,1.157 T€,96,3700,,,,5726,750,0,0 T€,1.482 T€
1150402,11S04,Oberschule,Paul-und-Charlotte-Kniese-Schule,Erich-Kurz-Straße 6-10,10319,Sporthalle,1666,1808,"2060,18",2313,0,3,3,,6,,,,0,4,,191,1,700,0,,"16,5",,0,-191,1,300,0,0 T€,Flach,1808,150,0,0 T€,0 T€,1,20 T€,0,0 T€,0,0 T€,,0 T€,20 T€,0 T€,"2313,3",750,0,0 T€,68,2000,100,68,0 T€,95,3700,,,,1598,750,0,0 T€,20 T€
1110101,11G01,Grundschule,Sonnenuhr-Schule,Franz-Jacob-Straße 33,10369,Schule,2461,849,"3429,7",3933,8306,3,3,,6,,,,0,4,,948,1,700,1,663 T€,17,170,2890,1942,1,300,0,0 T€,Flach,849,150,0,0 T€,200 T€,1,20 T€,1,50 T€,1,200 T€,5,125 T€,595 T€,150 T€,"3933,02",350,1,1.377 T€,175,2009,100,0,0 T€,104,3700,,,,2286,350,1,800 T€,3.388 T€
1110102,11G01,Grundschule,Sonnenuhr-Schule,Franz-Jacob-Straße 33,10369,Sporthalle,748,743,"894,89",978,0,1,1,,2,,,,0,1,,167,1,700,0,,7,,0,-167,1,300,0,0 T€,VT,743,350,0,0 T€,0 T€,1,20 T€,1,50 T€,0,0 T€,,0 T€,0 T€,0 T€,"978,13",350,0,0 T€,61,,,61,0 T€,105,3700,,,,687,350,0,0 T€,2.100 T€
1160201,11Y02,Oberschule,Johann-Gottfried-Herder-Gymnasium,Franz-Jacob-Straße 8,10369,Schulgebäude 1,2357,838,"3453,15",3908,18981,1,1,,2,,,,0,1,,1070,1,700,1,749 T€,17,174,2953,1883,1,300,1,565 T€,Flach,838,150,1,126 T€,200 T€,1,20 T€,1,50 T€,1,200 T€,5,125 T€,595 T€,150 T€,"3907,96",750,1,2.931 T€,137,2003,100,0,0 T€,106,3700,,,,2220,750,1,1.665 T€,5.116 T€
1160202,11Y02,Oberschule,Johann-Gottfried-Herder-Gymnasium,Franz-Jacob-Straße 8,10369,Schulgebäude 2,2385,839,"3439,88",3915,0,1,1,,2,,,,0,1,,1042,1,700,1,730 T€,17,174,2952,1910,1,300,1,573 T€,Flach,839,150,1,126 T€,200 T€,1,20 T€,1,50 T€,1,200 T€,5,125 T€,595 T€,150 T€,"3915,45",750,1,2.937 T€,175,2003,100,0,0 T€,107,3700,,,,2210,750,1,1.657 T€,5.110 T€
1160203,11Y02,Oberschule,Johann-Gottfried-Herder-Gymnasium,Franz-Jacob-Straße 8,10369,Sporthalle,1219,1165,"1399,79",1518,0,1,1,,2,,,,0,1,,232,1,700,1,,7,,0,-232,1,300,0,0 T€,VT,1165,350,0,0 T€,0 T€,1,20 T€,1,50 T€,0,0 T€,,0 T€,0 T€,0 T€,"1517,98",750,0,0 T€,110,,,110,0 T€,108,3700,,,,1109,750,0,0 T€,3.200 T€
1140202,11K01,Oberschule,Alexander-Puschkin-Schule,Franz-Mett-Str. 18,10319,Sporthalle,1206,1167,"1401,4",1516,2941,1,1,,2,,,,0,1,,228,1,700,1,,7,,0,-228,1,300,0,0 T€,VT,1167,350,0,0 T€,0 T€,1,20 T€,1,50 T€,0,0 T€,,0 T€,0 T€,0 T€,"1515,63",750,0,0 T€,101,0,0,101,0 T€,109,3700,,,,1105,750,0,0 T€,3.360 T€
1130302,11K09,Oberschule,Philipp-Reis-Schule,Goeckestraße 35,13055,MZG,493,622,"573,38",622,0,1,1,,2,,,,0,1,,79,1,700,1,56 T€,"4,5",104,469,389,1,300,1,117 T€,VT,622,350,1,218 T€,0 T€,0,0 T€,1,50 T€,1,200 T€,1,25 T€,275 T€,0 T€,"621,52",750,1,466 T€,45,0,0,45,100 T€,115,3700,,,,447,750,1,335 T€,1.231 T€
1110701,11G07,Grundschule,Hermann-Gmeiner-Schule,Harnackstraße 17-25,10365,Schulgebäude 1,2427,845,"3457,27",3908,16942,1,1,,2,,,,0,1,,1036,1,700,1,725 T€,17,177,3016,1980,1,300,1,594 T€,Flach,845,150,1,127 T€,200 T€,1,20 T€,1,50 T€,1,200 T€,5,125 T€,595 T€,150 T€,"3907,88",350,1,1.368 T€,174,2016,100,0,0 T€,138,3700,,,,2252,350,1,788 T€,6.088 T€
1110702,11G07,Grundschule,Hermann-Gmeiner-Schule,Harnackstraße 17-25,10365,Schulgebäude 2,2485,848,"3473,73",3912,0,1,1,,2,,,,0,1,,1061,1,700,1,742 T€,17,174,2953,1893,1,300,1,568 T€,Flach,848,150,1,127 T€,200 T€,1,20 T€,1,50 T€,1,200 T€,5,125 T€,595 T€,150 T€,"3911,68",350,1,1.369 T€,176,2003,100,0,0 T€,136,3700,,,,2308,350,1,808 T€,3.552 T€
1110703,11G07,Grundschule,Hermann-Gmeiner-Schule,Harnackstraße 17-25,10365,Sporthalle,1190,1201,"1377,83",1581,0,4,4,,8,,,,0,6,,234,1,700,0,,"4,5",138,616,382,1,300,0,0 T€,VT,1201,350,0,0 T€,0 T€,0,0 T€,1,50 T€,0,0 T€,,0 T€,50 T€,0 T€,"1581,25",350,0,0 T€,86,2008,100,0,0 T€,137,3700,,,,1104,350,0,0 T€,50 T€
1150501,11S05,Oberschule,Schule am Grünen Grund,Herzbergstraße 79,10365,Schule,659,646,"1071,26",1296,14641,1,3,,4,,,,0,3,,247,1,700,1,173 T€,7,157,1097,850,1,300,1,255 T€,Flach,646,150,1,97 T€,100 T€,0,0 T€,1,50 T€,1,200 T€,2,50 T€,400 T€,10 T€,"1296,35",750,1,972 T€,57,2013,100,0,0 T€,140,3700,,,,602,750,1,451 T€,3.799 T€
1110301,11G03,Grundschule,Schule im Gutspark,Josef-Orlopp-Straße 20,10367,Schule,2360,857,"3419,6",4018,10409,3,3,,6,,,,0,4,,933,1,700,0,0 T€,17,170,2890,1957,1,300,0,0 T€,Flach,857,150,0,0 T€,200 T€,1,20 T€,1,50 T€,1,200 T€,5,125 T€,595 T€,150 T€,"4017,84",350,1,1.406 T€,177,2002,100,0,0 T€,143,3700,,,,2183,350,1,764 T€,2.965 T€
1110302,11G03,Grundschule,Schule im Gutspark,Josef-Orlopp-Straße 20,10367,Sporthalle,753,764,"900,28",1003,0,3,3,,6,,,,0,4,,200,1,700,0,,7,,0,-200,1,300,0,0 T€,VT,764,350,0,0 T€,0 T€,1,20 T€,1,50 T€,0,0 T€,,0 T€,70 T€,0 T€,"1003,22",350,0,0 T€,69,,,69,0 T€,144,3700,,,,684,350,0,0 T€,70 T€
1161005,11Y10,Oberschule,Manfred-von-Ardenne-Gymnasium,Konrad-Wolf-Straße 11,13055,Sporthalle,752,757,"908,71",987,1667,1,1,,2,,,,0,1,,181,1,700,1,,7,,0,-181,1,300,0,0 T€,VT,757,350,0,0 T€,0 T€,1,20 T€,1,50 T€,0,0 T€,,0 T€,0 T€,0 T€,"986,98",750,0,0 T€,67,2007,100,0,0 T€,147,3700,,,,685,750,0,0 T€,2.184 T€
1161004,11Y10,Oberschule,Manfred-von-Ardenne-Gymnasium,Leuenberger Straße 5,13053,Sporthalle,752,757,"908,28",987,1164,1,1,,2,,,,0,1,,187,1,700,1,,7,,0,-187,1,300,0,0 T€,VT,757,350,0,0 T€,0 T€,1,20 T€,1,50 T€,0,0 T€,,0 T€,0 T€,0 T€,"986,53",750,0,0 T€,67,,0,67,0 T€,148,3700,,,,685,750,0,0 T€,2.137 T€
1111701,11G17,Grundschule,Brodowin-Schule,Liebenwalder Straße 22,13055,Schule,2404,828,"3477,97",4021,12237,3,3,,6,,,,0,4,,1020,1,200,1,204 T€,17,170,2890,1870,1,300,0,0 T€,Flach,828,150,0,0 T€,200 T€,1,20 T€,1,50 T€,1,200 T€,5,125 T€,595 T€,150 T€,"4020,82",350,1,1.407 T€,179,2003,100,0,0 T€,151,3700,,,,2225,350,1,779 T€,3.196 T€
1111702,11G17,Grundschule,Brodowin-Schule,Liebenwalder Straße 22,13055,Sporthalle,1206,1165,"1390,43",1513,0,3,3,,6,,,,0,4,,222,1,700,0,,7,,0,-222,1,300,0,0 T€,VT,1165,350,0,0 T€,0 T€,1,20 T€,1,50 T€,0,0 T€,,0 T€,0 T€,0 T€,"1513,01",350,0,0 T€,91,0,0,91,0 T€,149,3700,,,,1116,350,0,0 T€,3.200 T€
1111703,11G17,Grundschule,Brodowin-Schule,Liebenwalder Straße 22,13055,MEB,1953,956,"2538,25","2868,63",0,4,4,,8,,,,0,6,,550,1,700,0,0 T€,10,138,1377,827,1,300,0,0 T€,Flach,956,150,0,0 T€,0 T€,0,0 T€,1,50 T€,0,0 T€,3,75 T€,125 T€,0 T€,"2868,63",350,0,0 T€,110,2014,100,0,0 T€,150,3700,,,,1842,350,0,0 T€,125 T€
1112301,11G23,Grundschule,Friedrichsfelder Schule,Lincolnstraße 67,10315,Schule,2312,910,"3547,68",4056,11630,3,3,,6,,,,0,4,,907,1,700,0,0 T€,17,170,2890,1983,1,300,0,0 T€,Flach,910,150,0,0 T€,200 T€,1,20 T€,1,50 T€,1,200 T€,5,125 T€,595 T€,150 T€,"4056,43",350,1,1.420 T€,165,2008,100,0,0 T€,156,3700,,,,2146,350,1,751 T€,2.165 T€
1112302,11G23,Grundschule,Friedrichsfelder Schule,Lincolnstraße 67,10315,Sporthalle,427,436,"492,42",604,0,1,1,,2,,,,0,1,,74,1,700,1,,7,,0,-74,1,300,0,0 T€,Steil,,350,0,0 T€,0 T€,1,20 T€,1,50 T€,0,0 T€,,0 T€,0 T€,0 T€,"603,74",350,0,0 T€,38,0,0,38,0 T€,155,3700,,,,389,350,0,0 T€,1.800 T€
1111301,11G13,Grundschule,Karlshorster Schule,Lisztstraße 6,10318,Schulgebäude,3777,2258,"4987,55",5853,18884,1,1,,2,,,,0,1,,911,1,700,0,0 T€,,,0,-911,1,300,0,0 T€,Flach,2258,150,0,0 T€,150 T€,0,0 T€,1,50 T€,1,200 T€,3,75 T€,475 T€,0 T€,"5852,99",350,0,0 T€,151,2016,100,0,0 T€,157,3700,,,,3626,350,0,0 T€,2.547 T€
1111302,11G13,Grundschule,Karlshorster Schule,Lisztstraße 6,10318,Sporthalle,499,662,"594,52",677,0,4,4,,8,,,,0,6,,85,1,700,0,,,,0,-85,1,300,0,0 T€,Steil,,350,0,0 T€,0 T€,1,20 T€,1,50 T€,0,0 T€,,0 T€,70 T€,0 T€,"676,82",350,0,0 T€,56,0,0,56,0 T€,158,3700,,,,443,350,0,0 T€,70 T€
1111303,11G13,Grundschule,Karlshorster Schule,Lisztstraße 6,10318,MEB,1953,956,"2538,62","2868,63",0,4,4,,8,,,,0,6,,531,1,700,0,0 T€,10,138,1377,846,1,300,0,0 T€,Flach,956,150,0,0 T€,0 T€,0,0 T€,1,50 T€,0,0 T€,3,75 T€,125 T€,0 T€,"2868,63",350,0,0 T€,110,2014,100,0,0 T€,159,3700,,,,1843,350,0,0 T€,125 T€
1161105,11Y11,Oberschule,Immanuel-Kant-Gymnasium,Lückstraße 63,10317,Hauptgebäude,3799,1495,"5315,22",6649,5692,4,4,,8,,,,0,6,,1357,1,700,0,0 T€,33,165,5445,4088,1,300,0,0 T€,Steil,,350,0,0 T€,300 T€,1,20 T€,1,50 T€,1,200 T€,5,125 T€,695 T€,0 T€,"6648,59",750,1,4.986 T€,143,2011,100,0,0 T€,163,3700,,,,3656,750,1,2.742 T€,5.681 T€
1161106,11Y11,Oberschule,Immanuel-Kant-Gymnasium,Lückstraße 63,10317,Altbau u Erweiterung - Leopoldstr 14,2377,690,"3079,83",3826,0,4,4,,8,,,,0,6,,512,1,700,1,359 T€,26,124,3224,2712,1,300,0,0 T€,Steil,,350,0,0 T€,300 T€,1,20 T€,1,50 T€,1,200 T€,5,125 T€,695 T€,0 T€,"3825,99",750,1,2.869 T€,109,2011,100,0,0 T€,162,3700,,,,2268,750,1,1.701 T€,3.923 T€
1112401,11K10,Oberschule,Grüner Campus Malchow,Malchower Chaussee 2,13051,Schule mit Sporthalle integriert,2158,1090,"2696,21",3268,24769,3,3,,6,,,,0,4,,370,1,700,0,0 T€,12,,0,-370,1,300,0,0 T€,Steil,,350,0,0 T€,200 T€,1,20 T€,1,50 T€,1,200 T€,3,75 T€,545 T€,0 T€,"3268,14",750,1,2.451 T€,111,2002,100,0,0 T€,164,3700,,,,2046,750,1,1.535 T€,5.117 T€
1120301,11K11,Oberschule,Paul-Schmidt-Schule,Malchower Weg 54,13053,Schule,1011,611,"1398,36",1800,17150,3,3,,6,,,,0,4,,275,1,700,1,193 T€,10,134,1337,1062,1,300,0,0 T€,Flach,363,150,1,54 T€,150 T€,1,20 T€,1,50 T€,1,200 T€,2,50 T€,470 T€,300 T€,"1799,98",750,1,1.350 T€,84,2002,100,0,0 T€,166,3700,,,,927,750,1,695 T€,3.768 T€
1120302,11K11,Oberschule,Paul-Schmidt-Schule,Malchower Weg 54,13053,MUR groß,1107,549,"1507,32",1666,0,3,3,,6,,,,0,4,,211,1,700,0,0 T€,10,119,1194,983,1,300,0,0 T€,Flach,549,150,0,0 T€,0 T€,0,0 T€,0,0 T€,0,0 T€,3,75 T€,75 T€,0 T€,"1665,69",750,0,0 T€,95,2002,100,0,0 T€,167,3700,,,,1012,750,0,0 T€,75 T€
1120303,11K11,Oberschule,Paul-Schmidt-Schule,Malchower Weg 54,13053,MUR klein,427,350,"634,54",709,0,3,3,,6,,,,0,4,,102,1,700,0,0 T€,7,102,711,610,1,300,0,0 T€,Flach,350,150,0,0 T€,0 T€,0,0 T€,0,0 T€,0,0 T€,2,50 T€,50 T€,0 T€,"709,09",750,0,0 T€,33,2002,100,0,0 T€,169,3700,,,,394,750,0,0 T€,50 T€
1105801,JVS,0,Jugendverkehrsschule,Malchower Weg 66,13053,Schule,215,363,"292,53",363,4797,4,4,,8,,,,0,6,,55,1,700,0,0 T€,"3,5",87,303,248,1,300,0,0 T€,Steil,344,350,0,0 T€,0 T€,0,0 T€,1,50 T€,1,200 T€,1,25 T€,275 T€,0 T€,"362,96",750,0,0 T€,27,2002,100,0,-0 T€,170,3700,,,,188,750,0,0 T€,676 T€
1140201,11K01,Oberschule,Alexander-Puschkin-Schule,Massower Straße 37,10315,Schule,2445,756,"3422,3",3802,6716,2,3,,5,,,,0,4,,1169,1,700,1,818 T€,17,165,2803,1634,1,300,1,490 T€,Flach,756,150,0,0 T€,200 T€,1,20 T€,1,50 T€,1,200 T€,5,125 T€,595 T€,150 T€,"3802,26",750,1,2.852 T€,160,2000,100,160,352 T€,171,3700,,,,2285,750,1,1.714 T€,5.785 T€
1110901,11G09,Grundschule,Bürgermeister-Ziethen-Schule,Massower Straße 39,10315,Schule,2490,767,"3397,39",3810,10046,2,3,,5,,,,0,4,,1164,1,700,0,0 T€,17,165,2803,1640,1,300,1,492 T€,Flach,767,150,0,0 T€,200 T€,1,20 T€,1,50 T€,1,200 T€,5,125 T€,595 T€,150 T€,"3810,42",350,1,1.334 T€,172,2013,100,0,-0 T€,172,3700,,,,2319,350,1,812 T€,3.602 T€
1110902,11G09,Grundschule,Bürgermeister-Ziethen-Schule,Massower Straße 39,10315,Sporthalle,1214,1162,"1402,46",1512,0,1,1,,2,,,,0,1,,251,1,700,0,0 T€,7,139,974,723,1,300,0,0 T€,VT,1162,350,1,407 T€,0 T€,1,20 T€,1,50 T€,0,0 T€,,0 T€,0 T€,0 T€,"1511,9",350,0,0 T€,84,,,84,0 T€,173,3700,,,,1130,350,0,0 T€,3.607 T€
1150101,11G16,Grundschule,Schule an der Victoriastadt,Nöldnerstraße 44,10317,Schulgebäude,3865,1324,"5826,4",7542,7686,3,3,,6,,,,0,4,,1059,1,700,0,0 T€,17,218,3708,2650,1,300,0,0 T€,Steil,,350,0,0 T€,300 T€,1,20 T€,1,50 T€,1,200 T€,5,125 T€,695 T€,600 T€,"7541,91",350,1,2.640 T€,210,2006,100,0,0 T€,181,3700,,,,3655,350,1,1.279 T€,3.935 T€
1150102,11G16,Grundschule,Schule an der Victoriastadt,Nöldnerstraße 44,10317,Sporthalle,509,550,"580,87",756,0,4,4,,8,,,,0,6,,92,1,700,0,,,,0,-92,1,300,0,0 T€,Steil,,350,0,0 T€,0 T€,1,20 T€,1,50 T€,0,0 T€,,0 T€,70 T€,0 T€,"756,06",350,0,0 T€,34,2011,100,0,0 T€,182,3700,,,,475,350,0,0 T€,70 T€
1161301,11S12,Oberschule,Niels-Holgersson-Schule,Otto-Marquardt-Straße 14,10369,Schule,5606,4024,"8847,67","9871,25",18022,4,4,,8,,,,0,6,,2431,1,700,0,0 T€,,,0,-2431,1,300,0,0 T€,Flach,4024,150,0,0 T€,0 T€,0,0 T€,1,50 T€,0,0 T€,0,0 T€,50 T€,0 T€,"9871,25",750,0,0 T€,481,2014,100,0,0 T€,185,3700,,,,5125,750,0,0 T€,50 T€
1150701,11S07,Oberschule,Carl-von-Linné-Schule,Paul-Junius-Straße 15,10367,Schule mit Sport- und Schwimmhalle,8810,8450,"14677,97","17081,16",37510,4,4,,8,,,,0,6,,3728,1,250,1,932 T€,,,0,-3728,1,300,0,0 T€,Flach,8450,150,0,0 T€,0 T€,0,0 T€,1,50 T€,0,0 T€,0,0 T€,50 T€,0 T€,"17081,16",750,0,0 T€,663,2006,100,0,0 T€,190,3700,,,,8148,750,0,0 T€,982 T€
1150703,11S07,Oberschule,Carl-von-Linné-Schule,Paul-Junius-Straße 15,10367,MUR,1168,1544,"1379,36","1544,06",0,3,3,,6,,,,0,4,,247,1,700,0,0 T€,"3,5",,0,-247,1,300,0,0 T€,Flach,1544,150,0,0 T€,0 T€,0,0 T€,0,0 T€,0,0 T€,4,100 T€,100 T€,0 T€,"1544,06",750,0,0 T€,114,2002,100,0,0 T€,189,3700,,,,1055,750,0,0 T€,100 T€
1108001,11Y02,Oberschule,Filiale Manfred-von-Ardenne-Gymnasium,Paul-Junius-Straße 25,10369,Schule Nr. 27,2407,844,"3488,25",3920,0,1,1,,2,,,,0,1,,1060,1,700,1,742 T€,17,173,2946,1886,1,300,1,566 T€,Flach,844,150,1,127 T€,200 T€,1,20 T€,1,50 T€,1,200 T€,5,125 T€,595 T€,150 T€,"3920,46",750,1,2.940 T€,248,1987,0,248,546 T€,192,3700,,,,2158,750,1,1.619 T€,5.666 T€
1108002,11Y02,Oberschule,Filiale Manfred-von-Ardenne-Gymnasium,Paul-Junius-Straße 25,10369,Schule Nr. 25,2381,838,"3493,91",3914,8179,1,1,,2,,,,0,1,,1047,1,700,1,733 T€,17,173,2934,1887,1,300,1,566 T€,Flach,838,150,1,126 T€,200 T€,1,20 T€,1,50 T€,1,200 T€,5,125 T€,595 T€,150 T€,"3913,87",750,1,2.935 T€,251,1987,0,251,551 T€,191,3700,,,,2131,750,1,1.598 T€,6.583 T€
1160204,11G,Grundschule,n.n.,Paul-Junius-Straße 69,10369,Schule,2406,833,"3495,14",3884,6064,1,1,,2,,,,0,1,,1051,1,700,1,736 T€,17,173,2940,1889,1,300,1,567 T€,Flach,833,150,1,125 T€,200 T€,1,20 T€,1,50 T€,1,200 T€,5,125 T€,595 T€,150 T€,"3884,3",350,1,1.360 T€,234,1987,0,234,515 T€,195,3700,,,,2172,350,1,760 T€,5.078 T€
1160205,11Y02,Oberschule,Johann-Gottfried-Herder-Gymnasium,Paul-Junius-Straße 69,10369,Sporthalle,762,745,"896,57",980,976,1,1,,2,,,,0,1,,178,1,700,1,,7,,0,-178,1,300,0,0 T€,VT,745,350,0,0 T€,0 T€,1,20 T€,1,50 T€,0,0 T€,,0 T€,0 T€,0 T€,"980,24",750,0,0 T€,76,0,0,76,0 T€,196,3700,,,,686,750,0,0 T€,2.100 T€
1112901,11G29,Grundschule,Matibi-Schule,Prendener Straße 15,13059,Schule,3724,2138,"5023,09",5896,20903,3,3,,6,,,,0,4,,1172,1,700,0,0 T€,16,298,4776,3604,1,300,0,0 T€,Flach,2138,150,0,0 T€,0 T€,0,0 T€,1,50 T€,1,200 T€,4,100 T€,350 T€,0 T€,"5896,25",350,0,0 T€,172,2002,100,0,-0 T€,200,3700,,,,3553,350,0,0 T€,350 T€
1141101,11K05,Oberschule,Fritz-Reuter-Schule,Prendener Straße 29,13059,Schule,6703,3916,"10325,74",12049,30600,3,3,,6,,,,0,4,,4229,1,700,0,0 T€,16,497,7951,3723,1,300,0,0 T€,Flach,3916,150,0,0 T€,0 T€,0,0 T€,1,50 T€,1,200 T€,4,100 T€,350 T€,0 T€,"12049,49",750,0,0 T€,217,2002,100,0,0 T€,202,3700,,,,6486,750,0,0 T€,350 T€
1141102,11K05,Oberschule,Fritz-Reuter-Schule,Prendener Straße 29,13059,Sporthalle,3731,2112,"4792,8",5680,0,4,2,,6,,,,0,4,,628,1,700,0,,16,580,9280,8652,1,300,0,0 T€,Flach,2112,150,0,0 T€,0 T€,1,20 T€,0,0 T€,0,0 T€,,0 T€,20 T€,0 T€,"5679,57",750,0,0 T€,235,,,235,0 T€,203,3700,,,,3496,750,0,0 T€,20 T€
1112601,11G26,Grundschule,Randow-Schule,Randowstraße 45,13057,Schule,2655,1056,"3778,25",4133,0,3,3,,6,,,,0,4,,669,1,700,0,0 T€,17,156,2652,1983,1,300,0,0 T€,Flach,1056,150,0,0 T€,150 T€,1,20 T€,1,50 T€,1,200 T€,4,100 T€,520 T€,0 T€,"4132,97",350,1,1.447 T€,141,2005,100,0,0 T€,207,3700,,,,2514,350,1,880 T€,1.967 T€
1112602,11G26,Grundschule,Randow-Schule,Randowstraße 45,13057,Sporthalle,762,756,"884,69",984,7891,4,4,,8,,,,0,6,,179,1,700,0,,7,118,826,647,1,300,0,0 T€,VT,756,350,0,0 T€,0 T€,1,20 T€,1,50 T€,0,0 T€,,0 T€,70 T€,0 T€,"984,46",350,0,0 T€,104,0,0,104,0 T€,206,3700,,,,658,350,0,0 T€,897 T€
1120101,11K06,Oberschule,Schule am Rathaus,Rathausstraße 9,10367,Schule mit Sporthalle integriert,3716,1308,"5534,43",7032,5052,1,2,,3,,,,0,2,,1031,1,700,0,0 T€,23,,0,-1031,1,300,0,0 T€,Steil,,350,0,0 T€,300 T€,1,20 T€,1,50 T€,1,200 T€,3,75 T€,645 T€,600 T€,"7031,57",750,1,5.274 T€,174,2006,100,0,0 T€,208,3700,,,,3542,750,1,2.656 T€,7.054 T€
1111901,11G19,Grundschule,Obersee-Schule,Roedernstraße 69,13053,Schule mit Sporthalle integriert,3510,1535,"4785,48",5873,9883,4,4,,8,,,,0,6,,624,1,700,0,0 T€,24,210,5040,4416,1,300,0,0 T€,Steil,1421,350,0,0 T€,300 T€,1,20 T€,1,50 T€,1,200 T€,3,75 T€,645 T€,0 T€,"5872,58",350,0,0 T€,134,2011,100,0,0 T€,213,3700,,,,3376,350,0,0 T€,645 T€
1111201,11G12,Grundschule,Lew-Tolstoi-Schule,Römerweg 120,10318,Schule,2358,915,"3547,4",4032,17761,3,3,,6,,,,0,4,,1003,1,700,0,0 T€,19,170,3230,2227,1,300,0,0 T€,Flach,915,150,0,0 T€,200 T€,1,20 T€,1,50 T€,1,200 T€,5,125 T€,595 T€,150 T€,"4031,96",350,1,1.411 T€,174,2013,100,0,0 T€,215,3700,,,,2184,350,1,765 T€,4.418 T€
1111202,11G12,Grundschule,Lew-Tolstoi-Schule,Römerweg 120,10318,Sporthalle,429,454,"492,39",647,0,1,1,,2,,,,0,1,,130,1,700,1,,,,0,-130,1,300,0,0 T€,Steil,,350,0,0 T€,0 T€,1,20 T€,1,50 T€,0,0 T€,,0 T€,0 T€,0 T€,"647,04",350,0,0 T€,39,,,39,0 T€,214,3700,,,,390,350,0,0 T€,1.800 T€
1160501,11Y05,Oberschule,Hans-und-Hilde-Coppi-Schule,Römerweg 30-32,10318,Schule-Altbau,1422,784,"2141,37",2669,16105,2,2,,4,,,,0,3,,345,1,700,1,242 T€,15,127,1899,1554,1,300,1,466 T€,Steil,1358,350,1,475 T€,200 T€,1,20 T€,1,50 T€,1,200 T€,3,75 T€,545 T€,300 T€,"2668,97",750,1,2.002 T€,63,2011,100,0,0 T€,216,3700,,,,1359,750,1,1.019 T€,6.363 T€
1160502,11Y05,Oberschule,Hans-und-Hilde-Coppi-Schule,Römerweg 30-32,10318,Sporthalle,0,0,0,0,0,4,4,,8,,,,0,6,,0,1,700,0,,,,0,0,1,300,0,0 T€,Bogen,,350,0,0 T€,0 T€,0,0 T€,0,0 T€,0,0 T€,,0 T€,0 T€,0 T€,0,750,0,0 T€,0,2015,100,0,0 T€,217,3700,,,,0,750,0,0 T€,0 T€
1160503,11Y05,Oberschule,Hans-und-Hilde-Coppi-Schule,Römerweg 30-32,10318,MUR,1065,544,"1496,38",1662,0,3,3,,6,,,,0,4,,208,1,700,1,146 T€,12,119,1433,1225,1,300,0,0 T€,Flach,544,150,0,0 T€,0 T€,0,0 T€,0,0 T€,0,0 T€,3,75 T€,75 T€,0 T€,"1661,77",750,0,0 T€,95,,0,95,209 T€,219,3700,,,,970,750,0,0 T€,429 T€
1160504,11Y05,Oberschule,Hans-und-Hilde-Coppi-Schule,Römerweg 30-32,10318,Schule-Anbau,2398,986,"3068,29",3563,0,2,2,,4,,,,0,3,,401,1,700,1,280 T€,10,487,4866,4466,1,300,1,1.340 T€,Steil,1352,350,1,473 T€,200 T€,1,20 T€,1,50 T€,1,200 T€,3,75 T€,545 T€,200 T€,"3562,63",750,1,2.672 T€,70,2011,100,0,0 T€,218,3700,,,,2328,750,1,1.746 T€,5.510 T€
1120403,11K11,Oberschule,Filiale Paul-Schmidt-Schule,Rüdickenstraße 24,13053,MUR,1086,549,"1499,67",1667,0,2,2,,4,,,,0,3,,212,1,700,1,149 T€,10,119,1194,982,1,300,0,0 T€,Flach,549,150,0,0 T€,0 T€,0,0 T€,0,0 T€,0,0 T€,3,75 T€,75 T€,0 T€,"1667,41",750,0,0 T€,95,,0,95,209 T€,222,3700,,,,991,750,0,0 T€,432 T€
1120304,11K11,Oberschule,Filiale Paul-Schmidt-Schule,Rüdickenstraße 24,13053,Sporthalle,751,756,"909,72",985,4200,1,1,,2,,,,0,1,,160,1,700,1,,7,,0,-160,1,300,0,0 T€,VT,756,350,0,0 T€,0 T€,1,20 T€,1,50 T€,0,0 T€,,0 T€,0 T€,0 T€,"984,6",750,0,0 T€,66,,,66,0 T€,223,3700,,,,686,750,0,0 T€,2.484 T€
1151201,11G11/11K01,Grundschule,Filiale Bernhard-Grzimek-Schule/Filiale Alexander-Puschkin-Schule,Rummelsburger Straße 21,10319,Schule,1928,957,"2419,61",2688,6630,1,1,,2,,,,0,1,,561,1,700,1,393 T€,11,174,1919,1358,1,300,1,407 T€,Flach,957,150,1,144 T€,0 T€,0,0 T€,1,50 T€,1,200 T€,3,75 T€,325 T€,250 T€,"2688,45",350,1,941 T€,252,1990,100,252,554 T€,228,3700,,,,1676,350,1,587 T€,4.030 T€
1140701,11K04,Oberschule,Gutenberg-Schule,Sandinostraße 10,13051,Schule,2514,759,"3463,56",3900,20997,3,3,,6,,,,0,4,,1133,1,700,0,0 T€,17,165,2797,1665,1,300,0,0 T€,Flach,759,150,1,114 T€,200 T€,1,20 T€,1,50 T€,1,200 T€,5,125 T€,595 T€,150 T€,"3899,78",750,1,2.925 T€,161,2005,100,0,0 T€,236,3700,,,,2353,750,1,1.764 T€,6.095 T€
1140702,11K04,Oberschule,Gutenberg-Schule,Sandinostraße 10,13051,Sporthalle,1567,1783,"1687,08",1783,0,2,3,,5,,,,0,4,,226,1,700,1,,9,179,1611,1385,1,300,0,0 T€,Flach,1783,150,0,0 T€,0 T€,1,20 T€,1,50 T€,1,0 T€,,0 T€,0 T€,0 T€,"1783,08",750,0,0 T€,95,,,95,0 T€,234,3700,,,,1472,750,0,0 T€,3.200 T€
1140703,11K04,Oberschule,Gutenberg-Schule,Sandinostraße 10,13051,MUR 1,1030,549,"1498,63",1667,0,3,3,,6,,,,0,4,,212,1,700,0,0 T€,10,120,1198,986,1,300,0,0 T€,Flach,549,150,0,0 T€,0 T€,0,0 T€,0,0 T€,0,0 T€,3,75 T€,75 T€,0 T€,"1667,02",750,0,0 T€,95,,0,95,209 T€,235,3700,,,,935,750,0,0 T€,284 T€
1140704,11K04,Oberschule,Gutenberg-Schule,Sandinostraße 10,13051,MUR 2,1065,544,"1498,72","1661,77",0,1,3,,4,,,,0,3,,212,1,700,1,148 T€,10,119,1194,982,1,300,0,0 T€,Flach,544,150,0,0 T€,0 T€,0,0 T€,0,0 T€,0,0 T€,3,75 T€,75 T€,0 T€,"1661,77",750,0,0 T€,81,,0,81,178 T€,237,3700,,,,984,750,0,0 T€,402 T€
1111801,11G18,Grundschule,Schule am Wilhelmsberg,Sandinostraße 8,13051,Schule,2469,849,"3460,45",3924,9819,3,3,,6,,,,0,4,,1189,1,700,0,0 T€,17,174,2958,1769,1,300,0,0 T€,Flach,849,150,0,0 T€,200 T€,1,20 T€,1,50 T€,1,200 T€,5,125 T€,595 T€,150 T€,"3924,13",350,1,1.373 T€,178,2005,100,0,0 T€,239,3700,,,,2291,350,1,802 T€,3.168 T€
1111802,11G18,Grundschule,Schule am Wilhelmsberg,Sandinostraße 8,13051,Sporthalle,1218,1163,"1399,29",1511,0,1,1,,2,,,,0,1,,231,1,700,1,,7,138,969,738,1,300,0,0 T€,VT,1163,350,0,0 T€,0 T€,1,20 T€,0,0 T€,0,0 T€,,0 T€,0 T€,0 T€,"1510,99",350,0,0 T€,109,,,109,0 T€,238,3700,,,,1108,350,0,0 T€,3.200 T€
1140301,11K02,Oberschule,Mildred-Harnack-Schule,Schulze-Boysen-Straße 12,10365,Schulgebäude A,2380,843,"3451,47",3941,15488,2,2,,4,,,,0,3,,1015,1,700,1,710 T€,17,170,2890,1875,1,300,0,0 T€,Flach,843,150,0,0 T€,200 T€,1,20 T€,1,50 T€,1,200 T€,5,125 T€,595 T€,150 T€,"3940,65",750,1,2.955 T€,177,2004,100,0,0 T€,243,3700,,,,2203,750,1,1.652 T€,5.468 T€
1140302,11K02,Oberschule,Mildred-Harnack-Schule,Schulze-Boysen-Straße 12,10365,Sporthalle,1163,1245,"1379,19",1679,0,4,4,,8,,,,0,6,,231,1,700,0,,7,,0,-231,1,300,0,0 T€,VT,1245,350,0,0 T€,0 T€,0,0 T€,1,50 T€,0,0 T€,,0 T€,50 T€,0 T€,"1678,93",750,0,0 T€,85,,100,85,0 T€,242,3700,,,,1078,750,0,0 T€,50 T€
1140303,11K02,Oberschule,Mildred-Harnack-Schule,Schulze-Boysen-Straße 20,10365,Schule mit Sporthalle integriert   ,3574,1098,"5134,77",6243,0,3,4,,7,,,,0,5,,898,1,700,0,0 T€,24,156,3755,2857,1,300,0,0 T€,Steil,,350,0,0 T€,300 T€,1,20 T€,1,50 T€,1,200 T€,4,100 T€,670 T€,600 T€,"6243,29",750,1,4.682 T€,181,2011,100,0,0 T€,244,3700,,,,3393,750,1,2.545 T€,5.952 T€
1140305,11K02,Oberschule,Mildred-Harnack-Schule,Schulze-Boysen-Straße 20,10365,Sporthalle,360,428,"464,67",610,0,3,3,,6,,,,0,4,,74,1,700,0,,,,0,-74,1,300,0,0 T€,Steil,,350,0,0 T€,0 T€,1,20 T€,1,50 T€,0,0 T€,,0 T€,70 T€,0 T€,"610,39",750,0,0 T€,41,0,0,41,0 T€,245,3700,,,,320,750,0,0 T€,70 T€
1111101,11G11,Grundschule,Bernhard-Grzimek-Schule,Sewanstraße 184,10319,Schule,2420,868,"3453,88",4054,14407,3,3,,6,,,,0,4,,979,1,700,0,0 T€,17,174,2958,1979,1,300,0,0 T€,Flach,868,150,0,0 T€,200 T€,1,20 T€,1,50 T€,1,200 T€,5,125 T€,595 T€,0 T€,"4053,96",350,1,1.419 T€,174,2010,100,0,0 T€,251,3700,,,,2246,350,1,786 T€,3.749 T€
1111102,11G11,Grundschule,Bernhard-Grzimek-Schule,Sewanstraße 184,10319,Sporthalle,739,747,"900,16",982,0,1,1,,2,,,,0,1,,166,1,700,1,,7,,0,-166,1,300,0,0 T€,VT,747,350,0,0 T€,0 T€,1,20 T€,1,50 T€,0,0 T€,,0 T€,0 T€,0 T€,"982,42",350,0,0 T€,70,,,70,0 T€,252,3700,,,,669,350,0,0 T€,2.100 T€
1130101,11K08,Oberschule,George-Orwell-Schule,Sewanstraße 223,10319,Schule,2456,906,"3526,84",4062,11115,3,2,,5,,,,0,4,,981,1,700,0,0 T€,17,170,2890,1909,1,300,0,0 T€,Flach,906,150,0,0 T€,200 T€,1,20 T€,1,50 T€,1,200 T€,5,125 T€,595 T€,150 T€,"4061,86",750,1,3.046 T€,172,2005,100,0,0 T€,254,3700,,,,2284,750,1,1.713 T€,4.986 T€
1130102,11K08,Oberschule,George-Orwell-Schule,Sewanstraße 223,10319,Sporthalle,754,878,"799,25",878,0,3,3,,6,,,,0,4,,46,1,700,0,,,,0,-46,1,300,0,0 T€,Bogen,,350,0,0 T€,0 T€,1,20 T€,1,50 T€,0,0 T€,,0 T€,70 T€,0 T€,"877,65",750,0,0 T€,73,,,73,0 T€,255,3700,,,,682,750,0,0 T€,70 T€
1130103,11K08,Oberschule,George-Orwell-Schule,Sewanstraße 223,10319,MUR,1076,549,"1501,87",1667,0,3,3,,6,,,,0,4,,233,1,700,0,0 T€,10,120,1198,965,1,300,0,0 T€,Flach,549,150,0,0 T€,0 T€,0,0 T€,0,0 T€,0,0 T€,3,75 T€,75 T€,0 T€,"1667,41",750,0,0 T€,95,,0,95,209 T€,256,3700,,,,981,750,0,0 T€,284 T€
1161401,11G05,Grundschule,Filiale Schule auf dem lichten Berg,Siegfriedstraße 208-210,10365,Schule,1679,530,"2255,7",2788,1828,4,3,,7,,,,0,5,,430,1,700,0,0 T€,,,0,-430,1,300,0,0 T€,Steil,,350,0,0 T€,300 T€,1,20 T€,1,50 T€,1,200 T€,3,75 T€,645 T€,0 T€,"2788,32",350,0,0 T€,180,2012,100,0,0 T€,261,3700,,,,1499,350,0,0 T€,645 T€
1112903,11G29,Grundschule,Filiale Matibi-Schule,Straße 3 Nr 21,13059,Schule mit Sporthalle integriert,1364,2045,"1821,96",2359,25847,2,2,,4,,,,0,3,,463,1,700,0,0 T€,"3,6",354,1444,981,1,300,1,294 T€,Steil,,350,0,0 T€,150 T€,0,0 T€,1,50 T€,1,200 T€,2,50 T€,450 T€,0 T€,"2358,89",350,1,826 T€,117,2000,100,117,257 T€,272,3700,,,,1247,350,1,436 T€,3.982 T€
1140304,11K02,Oberschule,Mildred-Harnack-Schule,Tasdorfer Straße 46,10365,Sporthalle,669,850,"777,28",850,1207,2,1,,3,,,,0,2,,272,1,700,1,,,,,0,1,300,0,0 T€,Steil,849,350,0,0 T€,0 T€,1,20 T€,1,50 T€,0,0 T€,,0 T€,0 T€,0 T€,"849,8",750,0,0 T€,49,0,0,49,0 T€,274,3700,,,,619,750,0,0 T€,1.840 T€
1112801,11G28,Grundschule,Feldmark-Schule,Wartiner Straße 23,13057,Schule,4035,2820,"7652,67",8890,20054,3,3,,6,,,,0,4,,1813,1,700,0,0 T€,11,460,5065,3252,1,300,0,0 T€,Steil,,350,0,0 T€,0 T€,0,0 T€,0,0 T€,0,0 T€,3,75 T€,75 T€,0 T€,"8890,49",350,0,0 T€,302,2002,100,0,0 T€,290,3700,,,,3732,350,0,0 T€,75 T€
1112802,11G28,Grundschule,Feldmark-Schule,Wartiner Straße 23,13057,Sporthalle,1808,1972,"2000,6","2000,6",0,3,3,,6,,,,0,4,,169,1,700,1,,,,,0,1,300,0,0 T€,Bogen,,350,0,0 T€,0 T€,0,0 T€,0,0 T€,0,0 T€,,0 T€,0 T€,0 T€,"2000,6",350,0,0 T€,153,,,153,0 T€,289,3700,,,,1655,350,0,0 T€,0 T€
1151202,11G28/11Y09,Grundschule,Filiale Feldmark-Schule/Filiale Barnim-Schule,Wartiner Straße 47,13057,Schule,1716,948,"2412,96",2706,5936,2,1,,3,,,,0,2,,509,1,700,1,357 T€,11,178,1958,1449,1,300,1,435 T€,Flach,948,150,1,142 T€,0 T€,0,0 T€,1,50 T€,1,200 T€,3,75 T€,325 T€,250 T€,"2706,27",350,1,947 T€,219,1997,100,219,481 T€,292,3700,,,,1497,350,1,524 T€,3.614 T€
1103301,Sport,Sport,Sporthalle,Wartiner Straße 6,13057,Sporthalle,754,761,"910,2",994,2231,1,1,,2,,,,0,1,,179,1,700,1,,7,,0,-179,1,300,0,0 T€,VT,761,350,0,0 T€,0 T€,1,20 T€,1,50 T€,0,0 T€,,0 T€,0 T€,0 T€,"994,1",750,0,0 T€,79,,,79,0 T€,296,3700,,,,676,750,0,0 T€,2.100 T€
1103302,11G,Grundschule,n.n.,Wartiner Straße 6,13057,Schule,2586,1053,"3683,96",4117,2231,1,1,,2,,,,0,1,,707,1,700,1,495 T€,14,147,2054,1347,1,300,1,404 T€,Flach,1053,150,1,158 T€,200 T€,1,20 T€,1,50 T€,1,200 T€,4,100 T€,570 T€,0 T€,"4116,81",350,1,1.441 T€,162,1987,0,162,356 T€,295,3700,,,,2507,750,1,1.880 T€,3.424 T€
1108101,11K09,Oberschule,Philipp-Reis-Schule,Werneuchener Straße 14,13055,Schule,2225,803,"3322,52",3938,0,4,4,,8,,,,0,6,,996,1,700,0,0 T€,17,164,2788,1792,1,300,0,0 T€,Flach,758,150,0,0 T€,200 T€,0,0 T€,1,50 T€,1,200 T€,4,100 T€,550 T€,0 T€,"3937,7",750,0,0 T€,126,2011,100,0,0 T€,299,3700,,,,2099,750,0,0 T€,550 T€
1130301,11K09,Oberschule,Philipp-Reis-Schule,Werneuchener Straße 15,13055,Schule,2398,786,"3377,92",3892,12556,3,2,,5,,,,0,4,,1000,1,700,0,0 T€,17,170,2890,1890,1,300,0,0 T€,Flach,786,150,0,0 T€,200 T€,1,20 T€,1,50 T€,1,200 T€,5,125 T€,595 T€,150 T€,"3891,83",750,0,0 T€,179,2003,100,0,0 T€,301,3700,,,,2219,750,0,0 T€,1.565 T€
1130303,11K09,Oberschule,Philipp-Reis-Schule,Werneuchener Straße 15,13055,Sporthalle,1211,1169,"1395,68",1520,0,2,2,,4,,,,0,3,,223,1,700,1,,7,,0,-223,1,300,0,0 T€,VT,1169,350,0,0 T€,0 T€,1,20 T€,1,50 T€,0,0 T€,,0 T€,0 T€,0 T€,"1519,94",750,0,0 T€,121,,0,121,0 T€,300,3700,,,,1091,750,0,0 T€,3.200 T€
1161001,11Y10,Oberschule,Manfred-von-Ardenne-Gymnasium,Werneuchener Straße 27,13053,Schule,4875,1951,"7192,48",8491,11972,3,3,,6,,,,0,4,,1201,1,700,0,0 T€,"16,5",321,5292,4092,1,300,1,1.227 T€,Steil,,350,0,0 T€,300 T€,2,40 T€,1,50 T€,1,200 T€,3,75 T€,665 T€,200 T€,"8491,03",750,1,6.368 T€,190,2002,100,0,0 T€,303,3700,,,,4685,750,1,3.513 T€,10.037 T€
1161002,11Y10,Oberschule,Manfred-von-Ardenne-Gymnasium,Werneuchener Straße 27,13053,Sporthalle,907,568,"1152,43","1340,55",0,3,3,,6,,,,0,4,,102,1,700,1,,10,101,1010,907,1,300,0,0 T€,Steil,,350,0,0 T€,0 T€,1,20 T€,1,50 T€,0,0 T€,,0 T€,70 T€,0 T€,"1340,55",750,0,0 T€,54,,,54,0 T€,304,3700,,,,853,750,0,0 T€,70 T€
1161003,11Y10,Oberschule,Manfred-von-Ardenne-Gymnasium,Werneuchener Straße 27,13053,MUR,1034,549,"1499,33",1668,0,3,3,,6,,,,0,4,,213,1,700,1,149 T€,10,120,1198,985,1,300,0,0 T€,Flach,549,150,1,82 T€,0 T€,0,0 T€,0,0 T€,0,0 T€,3,75 T€,75 T€,0 T€,"1667,5",750,0,0 T€,81,,0,81,178 T€,302,3700,,,,953,750,0,0 T€,485 T€
1110801,11G08,Grundschule,Robinson-Schule,Wönnichstraße 7,10317,Schule,4195,1277,"6869,69",8670,8051,2,3,,5,,,,0,4,,966,1,700,0,0 T€,24,235,5640,4674,1,300,0,0 T€,Steil,,350,0,0 T€,300 T€,2,40 T€,2,100 T€,1,200 T€,5,125 T€,765 T€,600 T€,"8669,52",350,1,3.034 T€,166,2013,100,0,0 T€,308,3700,,,,4029,350,1,1.410 T€,4.970 T€
1110802,11G08,Grundschule,Robinson-Schule,Wönnichstraße 7,10317,Sporthalle,369,374,"428,04",528,0,4,3,,7,,,,0,5,,76,1,700,0,,,,0,-76,1,300,0,0 T€,Steil,,350,0,0 T€,0 T€,0,0 T€,1,50 T€,0,0 T€,,0 T€,50 T€,0 T€,"528,4",350,0,0 T€,52,2011,100,0,-0 T€,306,3700,,,,317,350,0,0 T€,50 T€
1130501,11K07,Oberschule,Vincent-van-Gogh-Schule,Wustrower Straße 26,13051,Schule,2645,1057,"3675,84",4134,18737,3,3,,6,,,,0,4,,704,1,700,0,0 T€,13,146,1898,1194,1,300,0,0 T€,Flach,1057,150,0,0 T€,150 T€,1,20 T€,1,50 T€,1,200 T€,4,100 T€,520 T€,0 T€,"4133,58",750,1,3.100 T€,144,2006,100,0,0 T€,309,3700,,,,2501,750,1,1.875 T€,5.105 T€
1130502,11K07,Oberschule,Vincent-van-Gogh-Schule,Wustrower Straße 26,13051,Sporthalle 1,751,755,"909,52",983,0,1,1,,2,,,,0,1,,188,1,700,1,,7,111,778,590,1,300,0,0 T€,VT,755,350,0,0 T€,0 T€,1,20 T€,1,50 T€,0,0 T€,,0 T€,0 T€,0 T€,"983,47",750,0,0 T€,68,2012,100,0,0 T€,310,3700,,,,683,750,0,0 T€,2.100 T€
1130503,11K07,Oberschule,Vincent-van-Gogh-Schule,Wustrower Straße 26,13051,MUR,954,549,"1417,25",1667,0,3,3,,6,,,,0,4,,212,1,700,1,148 T€,10,120,1198,986,1,300,0,0 T€,Flach,549,150,0,0 T€,0 T€,0,0 T€,0,0 T€,0,0 T€,3,75 T€,75 T€,0 T€,"1666,63",750,0,0 T€,81,,0,81,178 T€,312,3700,,,,873,750,0,0 T€,401 T€
1130504,11K07,Oberschule,Vincent-van-Gogh-Schule,Wustrower Straße 26,13051,Sporthalle 2,754,755,"909,09",981,0,1,1,,2,,,,0,1,,182,1,700,1,,7,111,777,595,1,300,0,0 T€,VT,755,350,0,0 T€,0 T€,1,20 T€,1,50 T€,0,0 T€,,0 T€,0 T€,0 T€,"981,1",750,0,0 T€,68,,,68,0 T€,311,3700,,,,686,750,0,0 T€,2.100 T€
1112501,11G25,Grundschule,Schule am Wäldchen,Wustrower Straße 28,13051,Schule,2652,1056,"3681,66",4133,12060,4,3,,7,,,,0,5,,674,1,200,1,135 T€,13,146,1898,1224,1,300,0,0 T€,Flach,1056,150,0,0 T€,150 T€,1,20 T€,1,50 T€,1,200 T€,4,100 T€,520 T€,0 T€,"4132,85",350,1,1.446 T€,148,2007,100,0,0 T€,314,3700,,,,2504,350,1,876 T€,3.024 T€
1112502,11G25,Grundschule,Schule am Wäldchen,Wustrower Straße 28,13051,Sporthalle,751,755,"913,19",982,0,1,1,,2,,,,0,1,,180,1,700,1,,7,111,777,597,1,300,0,0 T€,VT,755,350,0,0 T€,0 T€,1,20 T€,1,50 T€,0,0 T€,,0 T€,0 T€,0 T€,982,350,0,0 T€,66,,,66,0 T€,315,3700,,,,685,350,0,0 T€,2.100 T€
903,11G09,Grundschule,Bürgermeister-Ziethen-Schule,Massower Straße 37,10315,MEB,,524,0,0,,4,4,,8,,,,0,6,,295,1,700,0,0 T€,10,93,929,635,1,300,0,0 T€,Flach,524,150,0,0 T€,0 T€,0,0 T€,1,50 T€,0,0 T€,2,50 T€,100 T€,0 T€,0,350,0,0 T€,,2015,100,0,0 T€,ohne,3700,,,,0,350,0,0 T€,100 T€
